,Unnamed: 0,字段,标题
668,,09:30,国债期货开盘，10年期主力合约涨0.06%，5年期主力合约涨0.02%，2年期主力合约与昨日持平。
667,,09:30,储能板块开盘拉升，四方股份涨停，中天科技、易事特、奥特迅跟涨。
665,,09:31,【储能、输配电气概念股开盘分化】四方股份加速顶一字板，科泰电源、和顺电气、易事特、百川股份等继续冲高，星云股份、民德电子、永福股份、新风光、中熔电气等跌幅居前。
666,,09:31,【理想汽车港股上市首日盘中破发】理想汽车盘中破发，现报117港元，该股发行价为118港元/股，募资约115.5亿港元。
664,,09:31,煤炭概念开盘走弱，鄂尔多斯跌近5%，淮北矿业、陕西黑猫、开滦股份跟跌。
663,,09:32,恒大概念股回软，恒大物业跌2%，中国恒大与恒大汽车跌近1%。
662,,09:32,北向资金净流入达10亿元。
661,,09:33,养殖业板块开盘拉升，立华股份涨超4%，晓鸣股份、东瑞股份、湘佳股份跟涨。
660,,09:34,白酒概念异动拉升，众兴菌业涨近5%，皇台酒业、青海春天、古井贡酒跟涨。
659,,09:35,港股航空股造好，中国国航涨超4%，中国南方航空股份涨超3%，中国东方航空股份涨近2%。
658,,09:36,半导体及元件板块拉升，三环集团涨超6%，神工股份、胜宏科技、芯原股份跟涨。
657,,09:37,代糖概念股开盘拉升，金禾实业封涨停，保龄宝、百龙创园、华康股份等跟涨，消息上，无糖饮料甜味剂“老大”山东三元生物闯关创业板成功。
656,,09:37,国防军工板块下挫走弱，海兰信跌近7%，新研股份、广联航空、中科海讯跟跌。
655,,09:38,蔚来汽车CEO李斌：明年在NIO品牌下会有一款价格最低的车型，NIO品牌不会推出价格太低的车型，会通过另一个品牌去进入下级市场。
654,,09:39,港股保险股表现疲软，众安在线跌超9%，中国平安跌1.15%，新华保险、中国太保跌超0.4%。中国银保监会收紧保险科技平台监管。
653,,09:39,鸿蒙概念持续拉升，数字认证涨超7%，芯海科技、科蓝软件、拓维信息跟涨。
652,,09:40,【氢燃料电池板块继续活跃】全柴动力继续涨停，厚普股份、大洋电机、易事特、腾龙股份等涨超5%。
651,,09:40,港股体育用品股集体走弱，滔搏跌超7%，安踏跌近2%，李宁、361度跌超1%。
650,,09:41,【蔚来李斌：蔚来明年将会有一款定价更低的NT2.0车型交付】蔚来创始人李斌在2021年Q2电话会上表示，NT2.0首先在ET7上搭载，NAD的研发挑战很大，目前研发工作顺利，我们有信心如期交付。另两款新车型会在合适的时候公布。有一款车会比目前所有产品定价略低，是蔚来品牌价格最低的车型。
649,,09:41,锂电池板块走弱，星云股份跌超9%，江特电机、金银河、川能动力跟跌。
648,,09:41,北向资金净流入达20亿元。
647,,09:42,据澳大利亚广播公司（ABC）：澳大利亚将实施为期七天的封锁。
646,,09:42,【港股中国有赞跌超11%】港股中国有赞跌超11%，公司2021年上半年收入8.0亿元，同比下滑2.5%。
645,,09:42,【美国公共卫生专家等联名致信拜登呼吁政府出口新冠疫苗】超过175名美国公共卫生专家、科学家和社会团体领袖以及50多家机构10日发表一封致美国总统拜登的联名信，呼吁美国政府立刻采取行动，扩大mRNA（信使核糖核酸）疫苗的生产规模，并向“新冠疫苗实施计划”或其他国际分配机制出口疫苗，以满足全球抗疫需求，防止更危险的变异病毒出现。 (央视新闻)
644,,09:43,钢铁板块持续拉升，首钢股份涨超5%，马钢股份、南钢股份、宝钢股份跟涨。
642,,09:45,据美国国务院网站消息，公开日程显示，美国常务副国务卿舍曼计划于当地时间周四（12日）下午在美国国务院会见中国新任驻美大使秦刚。（界面）
643,,09:45,网络安全板块持续走高，东方通涨近19%，飞利信、数字认证、神州泰岳跟涨。
641,,09:47,【锂电池板块早盘走低】江特电机跌超8%，海目星、诺德股份、福能东方、盛新锂能等跌超5%。
640,,09:47,汽车整车板块走弱，海马汽车跌近4%，江淮汽车、汉马科技、小康股份跟跌。
639,,09:48,数字货币概念股早盘拉升，智度股份封涨停，飞利信、数字认证涨超10%，科创信息、旗天科技、北信源等跟涨。
638,,09:48,【金轮股份：两家氢能源相关子公司尚处于筹备研究阶段】金轮股份今日在互动平台上表示，公司子公司南通金轮氢能源科技有限公司主要探索氢燃料电池领域，南通金轮轻合金科技有限公司主要探索氢能源汽车与航空器精密零部件的研发、深度加工及销售，目前两家子公司尚处于筹备研究阶段。
637,,09:50,港股部分科技股走弱，京东健康跌超5%，微盟集团跌3.5%，万国数据跌3%，京东跌2.27%，百度跌近2%，阿里巴巴跌近1%。
636,,09:50,【软件服务股大幅走高】创业板东方通涨停，龙软科技、飞利信、数字认证、宝兰德、华宇软件等涨超8%。
635,,09:53,工信部发布关于加强智能网联汽车生产企业及产品准入管理的意见：强化企业管理能力。加强自动驾驶功能产品安全管理。
634,,09:54,港股航运板块表现强势，东方海外国际、太平洋航运涨超5%，中远海控涨超4%，中远海发涨2.6%。
633,,09:54,【蔚来李斌：明年电池需求将显著增长 宁德时代目前仍为最主要合作伙伴】蔚来汽车创始人李斌在2021年Q2财报电话会上表示，明年对电池的需求会显著增长，目前会把宁德时代作为最主要的合作伙伴，双方正在谈论电池供应。按照计划，蔚来明年将交付三款基于NT2.0的车型，其中有一款会比目前所有产品定价略低，是蔚来品牌价格最低的车型。
632,,09:55,半导体及元件板块持续拉升，力合微涨超17%，神工股份、三环集团、胜宏科技跟涨。
631,,09:55,工信部：《意见》明确企业应当建立自查机制，发现产品存在数据安全、网络安全、在线升级安全、驾驶辅助和自动驾驶安全等严重问题的，应当依法依规立即停止相关产品的生产、销售，采取措施进行整改，并及时报告。
630,,09:56,工信部发布加强智能网联汽车生产企业及产品准入管理的意见。意见提出，企业应当建立数据资产管理台账，实施数据分类分级管理，加强个人信息与重要数据保护。建设数据安全保护技术措施，确保数据持续处于有效保护和合法利用的状态，依法依规落实数据安全风险评估、数据安全事件报告等要求。在中华人民共和国境内运营中收集和产生的个人信息和重要数据应当按照有关法律法规规定在境内存储。需要向境外提供数据的，应当通过数据出境安全评估。
629,,09:57,港股汽车股小幅下挫，长城汽车涨幅缩窄至3.5%，北京汽车涨1.07%；恒大汽车跌6%，小鹏汽车跌3.1%，理想汽车跌1.27%，比亚迪股份微跌。
628,,10:00,房地产开发板块走弱，特发服务跌近5%，黑牡丹、冠城大通、金科股份跟跌。
627,,10:00,【开盘半小时 沪深两市成交额达3760亿元】开盘半小时，沪深两市成交额达3760亿元。
626,,10:01,港股半导体板块上扬，晶门科技涨近4%，中芯国际涨2.4%，上海复旦与华虹半导体涨超2%。
625,,10:06,位于智利的Andina铜矿的两个工会周三表示，工人将从周四起罢工。此前，两家工会在经过为期五天的政府调解谈判后拒绝了这家国有矿业公司的最新劳资合同方案。
624,,10:07,港股教育股继续走低，中国东方教育跌4.4%，睿见教育跌3.55%，中国21世纪教育集团、新东方跌近3%。
622,,10:08,惠誉确认日本评级为“A”，展望负面。
623,,10:08,【汽车整车股异动】东风汽车拉升封板，长安汽车、安凯客车、比亚迪、长城汽车等跟涨。
621,,10:08,惠誉：疫情给日本造成的中期经济损失可能没有其他许多国家那么严重。
620,,10:11,【昂立教育：已将幼儿素质教育业务整体升级为凯顿儿童成长中心】昂立教育目前已经将其幼儿素质教育业务整体升级为凯顿儿童成长中心，意在建设孩子身边的素质专长实训营。针对儿童核心素养与能力发展需要，凯顿儿童成长中心将以科学、艺术、语言三大领域为核心，同时关注儿童的社会行为发展和身心健康两大领域，推出多元化的素质教育系列产品。凯顿儿童成长中心的课程安排、物料准备、智能教具、师资安排等工作已经安排妥当，秋季班即将招生开课。
619,,10:12,惠誉：预计日本央行2%的通胀目标在未来几年仍然无法实现。
618,,10:14,【理想汽车总裁沈亚楠：内部在研讨回归A股可能性】理想汽车总裁沈亚楠：内部在研讨回归A股可能性。
617,,10:16,外交部发言人华春莹就加拿大妄评中方依法处理加在华公民个案答记者问：加拿大纠集个别国家，罔顾事实，混淆是非，对中国有关法院依法处理加在华公民个案指手画脚、说三道四，严重侵犯中国司法主权，严重违背法治精神。中方对此予以强烈谴责。（外交部）
616,,10:17,东北证券：给予江特电机增持的初始评级，目标价33元。
615,,10:18,航运概念持续拉升，凯乐科技涨超8%，中远海特、中远海控、中谷物流跟涨。
614,,10:19,德国疾控机构罗伯特·科赫研究所：德国新增5638例新冠肺炎确诊病例，新增17例新冠肺炎死亡病例。
613,,10:22,比亚迪盘中大涨5.06%，成交额超50亿元；此前中信建投给予比亚迪1.5万亿市值目标。
612,,10:23,【教育部：有这三种情况 秋季学期学生不能返校】 近日，教育部召开全国教育系统疫情防控工作视频调度会议，深入贯彻国务院联防联控机制电视电话会议精神，部署近期教育系统疫情防控和秋季开学等工作。会议强调，要高度重视德尔塔变异毒株传染性增强等特性，认真研判对学校疫情防控提出的新要求，封堵防控漏洞，从严从紧从细落实各项疫情防控措施。科学谋划秋季学期学生返校有三条硬性标准。学校疫情防控条件达不到当地疫情防控要求的，不能返校。学校各项防控措施落实不到位的，不能返校。有效应急预案和演练落实不到位的，不能返校。（央视新闻）
611,,10:24,港股黄金股持续拉升，紫金矿业涨2.4%，山东黄金与中国黄金国际涨超2%，招金矿业微涨。
610,,10:25,【钢铁股逆势拉升 首钢股份率先封涨停】钢铁股盘中集体拉升， 首钢股份率先封涨停，股价创反弹新高，韶钢松山大涨8%，包钢股份、马钢股份、鞍钢股份、华菱钢铁等个股均涨超5%。
609,,10:27,黄金概念持续走高，湖南黄金涨停，新安股份、金贵银业、鞍重股份跟涨。
608,,10:28,【Sensor Tower：米哈游《原神》移动端7月海外收入环比增长55% 重回出海TOP30榜首】 Sensor Tower发布7月成功出海中国手游TOP30，得益于2.0版本的推出，，超越《赛马娘》同期表现。过去10个月，海外玩家在该游戏移动端氪金已超过11亿美元。作为对比，腾讯《PUBG Mobile》和莉莉丝《万国觉醒》海外上市2年后才实现同等的收入规模。三七互娱SLG+消除手游《末日喧嚣》收入环比增长17.5%再创新高，排名进一步上升至第7名。
607,,10:29,【河北定州：12月1日起不动产登记不再审核婚姻状况】据河北定州市政府新闻办消息，从今年12月1日起，购房人申请办理不动产登记时，登记机关不再审核当事人婚姻状况。
606,,10:31,【红旗连锁：今后也将探索新的门店经营模式】红旗连锁在互动平台回复投资者称，公司作为一家专业经营便利店的企业，一直在追求创新，在普通便利店的基础上增设了生鲜店、快餐店等业态，今后也将探索新的门店经营模式。投资者关于销售奶茶的建议已经收到。
605,,10:34,【瑞银证券：A股科创和创业板短期或继续跑赢 三季度末消费股料重回焦点】瑞银证券报告称，短期A股科创50和创业板指数有望继续跑赢市场，但风格可能在今年三季度末或四季度初发生切换，随着整体盈利增速因基数走高而放缓，具有稳定增长前景的高质量成长消费股可能重回市场焦点。
603,,10:38,【蔚来自动驾驶团队年底将增至800人】蔚来发布2021年二季度财报，其中二季度营收84.5亿元，同比增长127.2%。蔚来表示从Q3开始研发费用会有显著增加，全年研发支出计划为50亿元人民币，年底研发团队规模将为年初的两倍。此外，蔚来创始人、CEO李斌透露自动驾驶相关团队规模将从目前的500人增长到年底的800人。
604,,10:38,【李斌：蔚来整车毛利率长期要做到25%左右】蔚来创始人李斌在2021年Q2电话会上表示，蔚来整车毛利率长期要做到25%左右，不算积分交易和补贴等。(36氪)
602,,10:39,【南京一名护士新冠病毒检测阳性 怀疑是工作中职业暴露导致】8月11日，南京公卫医疗中心ICU病房一名护士在例行核酸检测中结果阳性，医院立即启动封控措施，排查密接，对相关环境实施终末消毒，目前已排查到的密切接触者和相关场所，核酸检测结果均为阴性。（央视新闻）
601,,10:41,【南京5地调整为低风险地区】秦淮区中华门街道晨光新苑16栋，雨花台区铁心桥街道凤翔新城1期，江宁区湖熟街道周岗社区张巷自然村、庄上自然村，尚桥社区焦东自然村由中风险地区调整为低风险地区。
600,,10:42,【6天9城失守！美情报机构：塔利班或90天内攻占阿富汗首都】当地时间11日，阿富汗塔利班宣布占领了阿北部的法扎巴德市，这是不到一周时间内，塔利班宣布攻占的第9个省会城市。美情报机构预估，塔利班很可能在30天内孤立首都喀布尔，并在90天内接管它。随着美军加速撤离阿富汗，塔利班与阿政府军之间的战斗日趋激烈，目前，塔利班已占领阿富汗三分之二的土地。  （中新网）
599,,10:42,恒生指数与恒生科技指数均转涨，创科实业涨超10.3%，比亚迪股份与美团涨超3%。
598,,10:43,【美国证交会主席：需要额外权力将加密交易、产品和平台纳入监管，股票代币、合成代币等受证券法约束】美国证交会主席根斯勒在回应美国参议员沃伦关于要求确定加密监管的一封信中指出，确实需要监管加密货币交易并保护投资者和金融体系，也需要额外的权力来将这些交易、产品或平台纳入监管。
597,,10:44,天然气板块异动拉升，大通燃气封涨停，陕天然气、长春燃气、重庆燃气、新疆火炬、洪通燃气等集体冲高。
596,,10:45,【今年国内市场手机出货量已超2亿部】12日，中国信通院发布的数据显示，7月，国内市场手机出货量2867.6万部，同比增长28.6%，环比增长11.7%。其中，5G手机2283.4万部，同比增长64.1%，环比增长15.4%，占同期手机出货量的79.6%。1月至7月，国内市场手机总体出货量累计2.03亿部，同比增长15.6.%。
595,,10:48,【南京多个区域进入7天过渡期管理 卫健委呼吁：有序活动不能聚集】8月12日上午，南京市举行第二十三场新闻发布会，通报新冠肺炎疫情防控相关情况。市卫健委副主任丁小平说，近日，南京已有多个区域符合解除封闭条件，从中风险地区调整恢复为低风险地区，然而“解封”不等于“解防”，解封后还会有7天过渡期管理。 在过渡期管理期间，居民实行居家健康监测，可以做好防护，在本区域内有序活动，但不能聚集。第七天全体人员核酸检测均为阴性，即可转为常态化防控，恢复正常生活。
594,,10:48,【自然资源部：7个矿山地质环境保护与土地复垦方案通过审查】据自然资源部8月12日消息，根据《土地复垦条例》《矿山地质环境保护规定》等有关规定，冷湖俄北钾肥有限责任公司北部新盐带钾矿区等7个矿山地质环境保护与土地复垦方案通过审查。
593,,10:49,【山东部分高校发布通知 秋季学期将延迟开学】 近日，山东多所高校宣布调整秋季学期开学时间，并且强调所有学生未经学校批准不得提前返校。鲁东大学将原定2021年8月23日的秋季学期开学时间调整为2021年8月30日，新生报到时间不变。烟台科技学院也将新学期开学时间延迟一周。（央视新闻）
592,,10:50,记者今日接到确切消息，恒大地产集团目前在昆明有两个项目已停工。
591,,10:51,富达国际：经过近期的上涨后，中国10年期国债收益率可能保持在2.8％-3％左右。
590,,10:51,中信证券：给予奈雪的茶买进的初始评级，目标价16港元。
589,,10:52,【工信部：不得擅自升级新增汽车自动驾驶功能】近日，工信部印发《关于加强智能网联汽车生产企业及产品准入管理的意见》。《意见》要求，企业实施在线升级活动前，应当确保汽车产品符合国家法律法规、技术标准及技术规范等相关要求并向工业和信息化部备案，涉及安全、节能、环保、防盗等技术参数变更的应提前向工业和信息化部申报，保证汽车产品生产一致性。未经审批，不得通过在线等软件升级方式新增或更新汽车自动驾驶功能。
588,,10:54,【恒大地产集团目前在昆明有两个项目已停工】一份显示为重庆建工集团股份有限公司恒大金碧天下二期隽翠苑工程项目部的停工公告称，“因恒大欠我司工程款长期未拨付，同时金额较大的商业承兑汇票逾期不兑付，欠付款总金额超过2.1亿元。……被迫停工。”除恒大金碧天下外，恒大昆海湖业主也告知央广网记者，昆海湖也已经停工，原定10月交房，现在估计悬了。（央广网）
587,,10:57,【恒大系债券普跌】恒大系债券普跌，19恒大01跌逾10%，15恒大03跌逾6%，20恒大01跌超3%。
586,,10:58,中国恒大短线下挫，跌幅扩大至5%，据央广网报道，恒大昆明两个项目停工。
584,,11:03,据日本放送协会NHK：日本新冠肺炎专家小组呼吁将东京的市民出行量减半。
585,,11:03,隔夜SHIBOR报1.9400%，下降9.20个基点。7天SHIBOR报2.1500%，上涨0.30个基点。3个月SHIBOR报2.3600%，下降0.30个基点。
583,,11:04,【道恩股份：公司生产的是熔喷料 近期因为疫情散点爆发订单增加】道恩股份在互动平台表示，公司生产的是熔喷料，近期因为疫情散点爆发订单增加。除熔喷料外，公司不生产其他抗疫物资。控股股东道恩集团下属企业山东道恩模塑有限公司生产抗疫物资口罩。
581,,11:05,消息人士：美国食品药品监督管理局（FDA）即将决定批准某些免疫缺陷患者使用新冠疫苗增强剂。
582,,11:05,【深圳重奖电商 最高300万元】一批国家级数字商务企业、网络零售企业、消费扶贫电子商务平台企业将获得最高300万元的奖励支持资金。记者昨日从深圳市商务局获悉，为推动深圳电子商务实现跨越式发展，市商务局印发了《关于申报2021年电子商务创新发展扶持计划国家级数字商务企业等三个奖励项目的通知》。 根据通知，国家级数字商务企业将一次性获得奖励300万元。（深圳发布）
580,,11:07,据香港经济日报：滴滴对媒体回应有关传闻时指，市场对管理层变动的猜测不实且没有根据，公司正在积极、全面地配合当局的网络安全评估。
579,,11:09,【蔚来汽车董事长李斌率队拜访上汽通用五菱】上汽通用五菱消息，近日，蔚来汽车创始人、董事长兼CEO李斌率队拜访上汽通用五菱。在公司总经理沈阳的陪同下，参观了新四化展厅与新能源总装车间，试驾了公司新能源全新车型——宝骏KiWiEV，体验过程中，李斌不断夸赞KiWiEV是一款在全球都很具有原创性、科技感、未来感的智能汽车。
578,,11:11,沪镍主力合约涨5%，报147300元/吨，为8月2日以来最高水平。
577,,11:13,汽车整车板块持续走强，东风汽车涨停，长安汽车涨超8%，广汽集团、中集车辆、安凯客车、比亚迪等跟涨。
576,,11:17,【Ark基金买入图森未来等股票】Ark基金买入图森未来、Signify Health及Berkeley Lights股票；减持推特、诺华、百度、BASE Inc.、Takeda Pharmaceutical及Pure Storage股票。
575,,11:18,【郑州即日起个体诊所暂停诊疗服务】 今天（12日）上午，郑州市召开疫情防控新闻发布会，介绍新增确诊病例和疫情防控情况。郑州市政府副秘书长李慧芳在发布会上通报，为切实堵塞防疫漏洞，即日起郑州全市个体诊所暂停诊疗服务，未设置发热门诊或发热哨点诊室的社区卫生服务中心，社区卫生服务站，村卫生室等基层医疗机构一律不得收治发热呼吸道等与新冠肺炎相似症状病人。发现发热等可疑症状患者，要落实首诊负责制，实施临时隔离管控措施，并立即向辖区疫情防控部门报告。
574,,11:20,【水立方游泳业务8月21日起暂停运营】国家游泳中心（水立方）发布游泳业务停业通知，通知称因冬奥筹备需要，水立方游泳业务将于8月21日起暂停运营，预计明年5月恢复开放。
573,,11:20,【工信部：鼓励智能网联汽车接受北斗导航信号】近日，工信部印发《关于加强智能网联汽车生产企业及产品准入管理的意见》。《意见》提出，要确保可靠的时空信息服务。企业应当确保汽车产品具有安全、可靠的卫星定位及授时功能，可有效提供位置、速度、时间等信息，并应满足相关要求，鼓励支持接受北斗卫星导航系统信号。
572,,11:21,【江苏93个高速公路收费站出入口单向或双向暂时关闭】记者从江苏省交通运输厅获悉，截至8月12日上午10时，目前，全省高速公路运行总体平稳，其中，南京、无锡、徐州、常州、苏州、南通、连云港、淮安、扬州、镇江、泰州等地区93个高速公路收费站出入口单向或双向暂时关闭。
570,,11:21,【蓝普视讯实名举报富满电子涉嫌滥用市场支配地位垄断相关芯片市场】今日，LED电子显示屏厂商蓝普视讯在其微信公众号上发布信息称，实名举报富满电子涉嫌滥用市场支配地位垄断相关芯片市场，其在7月8日向LED行业发出联合诉讼倡议书后，截至目前已经收到了行业近100家IC受害企业的声援、9家显示屏幕企业请求参与联合诉讼。同时，公司已经向中国光学光电子行业协会和国家市场监督管理总局反垄断局提交了《关于富满电子涉嫌滥用市场支配地位垄断相关芯片市场的举报信》。
571,,11:21,【沪深两市成交额突破8000亿元】截至目前，沪深两市成交额突破8000亿元，其中沪市成交额3322亿元，深市成交额4682亿元。
569,,11:25,【银行间隔夜回购利率跌至2%下方】 银行间隔夜回购利率小幅走低，7天期波动不大。截至北京时间11:15，DR001加权利率报1.9366%，较上日下跌约9bp；DR007报2.1193%，下跌不到1bp。
568,,11:27,【澳大利亚首都领地今日起采取“封城”措施一周】 当地时间8月12日，根据澳大利亚首都领地政府新闻发布会的消息，该地区发现1例本土感染的新冠肺炎确诊病例，且该病例在确诊前与社区有过接触，存在进一步传播病毒的风险。首都领地首席部长安德鲁·巴尔于当日发布会上宣布，从当地时间12日下午5时开始，首都领地进入“封城”状态，为期一周。（央视新闻）
567,,11:30,【郑州：离郑人员须持48小时核酸检测阴性证明+离郑证明】郑州市疫情防控领导小组社会管控部新闻发言人张琳琳在回答记者提问时表示，尽管完成三轮全员核酸检测，郑州市的疫情防控形势依然十分严峻复杂，经过郑州市疫情防控领导小组研究，即日起在5号通告规定的离郑人员除需持有48小时内核酸检测阴性证明之外，增加了提供其所在单位或者居住地社区开具的离郑证明这一要求。（央视新闻）
566,,11:31,【铁矿石跌向四个月低点 因供应增加迹象显现】铁矿石期货价格跌向四个月低点，迹象显示全球供应增加将与中国加强钢铁产量限制并行。现在，铁矿石似乎还面临着供应方面的压力。瑞银称，力拓集团和淡水河谷的展望暗示它们将在下半年提高产量。“我们对中期铁矿石价格持谨慎态度，因为供应在增加，而需求在放缓，”Myles Allsop等瑞银分析表示，并预计明年铁矿石价格将跌破每吨100美元。“我们预计价格会在9月和10月企稳，然后继续回落。”
565,,11:31,【广汽集团A股触及涨停】广汽集团触及涨停，封单逾35万手，成交额10.39亿元 ；港股大涨7%。
563,,11:32,A股午间休盘，三大指数悉数下跌，沪指跌0.12%，深成指跌0.56%，创业板指跌1.11%，北向资金净流入11.63亿元。
564,,11:32,"上证综指午盘收跌0.12%，报3528.27点。 贵州茅台对指数下跌拖累最大，下跌2.3%。 灵康药业跌幅最大，下跌9.9%。午盘交易中，1,635支股票中803支下跌，733支上涨；所有类股均走低，以综合股为首。"
561,,11:33,"【扬州现有23例重型14例危重型】扬州市卫生健康委员会副主任 王劲松：2021年8月11日0-24时，我市新增本土新冠肺炎确诊病例37例（其中轻型15例,普通型22例，没有重型、危重型病例）。截至目前，全市累计报告本土确诊病例485例（其中轻型90例，普通型357例，重型23例，危重型14例，出院1例），本土无症状感染者0例。"
562,,11:33,"【午评：指数低位震荡，创指跌逾1%，汽车整车领涨两市，比亚迪涨近5%，机构给予1.5万亿估值；氟磷化工、钢铁、航运股涨幅居前，军工、白酒、地产板块回调】

三大指数早盘集体低开，震荡走低，创指一度跌近2%。截至午间收盘，沪指跌0.13%，深成指跌0.56%，创指跌1.11%，个股涨跌参半，两市半日成交额超8000亿，北向资金净流入超11亿元。"
560,,11:34,【爱奇艺起诉字节不正当竞争获赔60万】天眼查App显示，8月11日，两则北京爱奇艺科技有限公司与北京字节跳动科技有限公司不正当竞争纠纷一审民事判决书公开。法院查明后认为，涉案行为系利用技术手段妨碍、破坏其他经营者合法提供的网络产品或者服务的正常运行，为自身谋取不当利益，扰乱市场竞争秩序的行为，应属不正当竞争行为。 最终裁判结果为，被告北京字节跳动科技有限公司赔偿原告北京爱奇艺科技有限公司经济损失及合理开支共计602000元。
559,,11:37,【扬州回应确诊与检出阳性数不一致 第6轮核酸已检出阳性2例】扬州市卫生健康委员会副主任王劲松：8月11日上午6：30起，我市开展了主城区第六轮大规模核酸检测，共设置采样点690个，抽调采样人员5726人，其中市外支援3000人。截至8月12日上午8时，共采样、检测159.11万人，目前已检出阳性2例。前期有媒体询问，为什么公布的确诊病例数与检测出的阳性数不一致，在这里跟大家说明一下，大规模核酸检测的对象不包括集中医学观察人员等重点人群。
558,,11:38,【中国恒大跌逾7% 此前媒体称恒大地产集团位于昆明两项目停工】中国恒大盘中扩大跌幅至逾7%，此前央广网报道恒大地产集团位于云南昆明两项目已停工。
557,,11:40,【江苏南京：违反防疫措施要承担相应的法律责任】南京市司法局副局长谷劲松介绍：积极佩戴口罩，主动遵守相应的防控措施，既是对自己个人负责，也是对家人负责，对社会负责。从法理上来讲，这是一种法定的义务，如果违反，肯定要承担相应的法律责任。
556,,11:41,截至今日8时，扬州市主城区第六轮大规模核酸检测检出2例阳性人员。 (《每日经济新闻》)
555,,11:44,【上海陆家嘴“十四五”规划：在区块链、隐私计算等领域积极构建良好生态】8月12日，上海市《自贸试验区陆家嘴片区发展“十四五”规划》正式发布。《规划》显示，“十四五”时期，陆家嘴将进一步强化国际化水平最高、生态功能最完整、营商服务最优三大优势，加快建设全球人民币金融资产配置中心。推动专业服务业进一步向新经济、新业态、新领域延伸拓展，在区块链、隐私计算等领域积极构建良好生态，赋能新经济，推动数字化转型。（上观）
554,,11:46,金浦钛业公告，自2021年8月12日起，公司锐钛型和金红石型钛白粉销售价格在原价基础上，对国内各类客户上调1000元人民币/吨，对国际各类客户上调200美元/吨。
553,,11:47,【日股东证指数连续第五天上涨】日本东京股市连续第五天上涨，Topix指数上涨0.2%，至1958.05点。第一三共株式会社(Daiichi Sankyo Co.)涨幅最大，上涨5.6%。Kokusai制浆造纸公司上涨30.1%，涨幅最大。午盘交易中，2188只股票中有1129只上涨，930只下跌;33个板块中有23个板块上涨，化学品板块领涨。
552,,11:47,【贝壳CEO彭永东：楼市迎来“三个转变” 穿越市场波动创造长期价值】彭永东认为，随着供需平衡和房价长期相对稳定，楼市会出现三个转变，即市场的重心会由“房”转向“人”，由“交易”转向“服务”，消费者的需求由“买到房”转向“住得好”。 同时“住”这个行业仍然相对低效，用户满意度低，标准化、数字化、线上化程度低等问题亟待解决。基于此，他认为短期内房地产市场的调整，不会改变消费者长期对美好居住的向往和需求。
551,,11:48,印度报告接种442万剂新冠疫苗，累计接种5.237亿剂新冠疫苗。
550,,11:49,【吾爱易达：获三川智慧战略融资 推动5G AIoT行业方案系统级芯片量产】吾爱易达消息，近日，公司完成数千万人民币A轮战略融资，投资方为三川智慧（300066.SZ）。本轮融资主要用于加大研发投入，推动芯片量产。吾爱易达着力开发面向于燃气、水务、消防、BMS电池管理等传统行业专用的5G AIoT系统级芯片。
549,,11:49,【扬州要求降低困难企业贷款利率】用好结构性货币政策工具。人民银行扬州市中心支行争取了6亿元再贷款再贴现额度，专项用于支持金融机构增加疫情防控保障企业、涉农企业、民营企业、小微企业的信贷投放。同时，引导银行机构继续加大两项直达实体政策工具的执行力度，针对受疫情影响较大的小微企业、个体工商户贷款以及行业，按照市场化原则实施延期还本付息，加大信用贷款投放。
548,,11:50,【北京严查楼市违规打响第一枪 暂停新城控股熙红印项目网签】北京市住建委就严格落实住建部等8部门《关于持续整治规范房地产市场秩序的通知》公告了实际进展，三个房地产项目被责令整改，并启动立案调查程序，对问题严重的鸿熙华庭嘉苑项目（新城熙红印）立即暂停网上签约。（21财经）
547,,11:52,【上海陆家嘴“十四五”规划：打造全球人民币金融资产配置中心与世界级总部功能集聚高地】今天，《自贸试验区陆家嘴片区发展“十四五”规划》正式发布。规划提出，打造全球人民币金融资产配置中心。到2025年，累计集聚各类金融机构突破10000家，持牌类金融机构突破1000家，占全市比重进一步提升。打造世界级总部功能集聚高地。到2025年，跨国公司地区总部数量实现翻番，达到200家，占全市比重达20%左右。吸引更多具有亚太区和全球功能的高能级总部，打造面向全球、运作全球和配置全球的世界级总部功能集聚高地。
546,,11:54,天融信：公司于8月11日与北汽蓝谷信息技术有限公司签署战略合作协议，双方拟在车联网安全、工业互联网安全、信息研发技术等领域开展深度合作。
545,,11:54,天阳科技：公司与宁波胜合企业管理合伙企业、北京银恒通电子科技有限公司、金咏梅签署了投资协议，拟在北京成立合资公司，并通过合资公司提供多元场景金融运营服务。
544,,11:58,【比亚迪回应“混动皮卡计划”：将基于市场需求及自身规划进行产品设计及推出】 有投资者向比亚迪提问，请问，公司有推出混动皮卡的计划吗？有推出混动硬派越野的计划吗？对此，比亚迪在投资者互动平台表示，公司将基于市场需求及自身规划进行产品设计及推出。
543,,12:00,造车新势力爱驰汽车将与激光雷达供应商禾赛科技签署战略协议，共同推进激光雷达技术的研发和应用。
541,,12:05,银河娱乐上半年营收106.6亿港元，上半年中场博彩收益59亿港元。银河娱乐第二季度调整后EBITDA 11亿港元，市场预估10.5亿港元。
542,,12:05,据英国金融时报：美联储戴利表示，或在年底开始逐步减少资产购买。
540,,12:06,太古股份上半年基础盈利12.6亿港元，上年同期亏损54.9亿港元。
539,,12:08,中国移动上半年净利润591.2亿元人民币，同比增长6%。中国移动上半年营收4436亿元，市场预期3952.77亿元。
538,,12:09,【香港恒生指数午间休盘跌0.09%】香港恒生指数午间休盘跌0.09%，恒生科技指数跌0.88%，广汽集团涨8.33%，比亚迪涨3.8%，汽车、能源板块涨幅居前，保险、零售领跌，南向资金净买入3.25亿元。
537,,12:10,【云南瑞丽一地升为中风险】根据国家关于应对新冠肺炎疫情分区分级防控工作要求，经疫情防控专家组评估，自2021年8月12日12∶00起，将瑞丽市勐卯镇姐勒村委会棒蚌村民小组调整为中风险地区。
536,,12:10,中国移动：2021年上半年，公司5G相关投资共计人民币502亿元。截至6月底，累计开通50.1万个5G基站，为全国地市以上城区、部分县城及重点区域提供5G服务。
535,,12:11,【蔚来将推新品牌与特斯拉死磕 价格或低于Model 3】蔚来汽车创始人李斌在2021财年第二季度财报电话会上表示，蔚来将通过新的品牌进入大众市场，相关准备工作已经提速，并已建立了核心团队。“虽然是大众市场，但我们也不会进入五菱宏光MINIEV的市场。NIO品牌跟这个新品牌的关系类似于雷克萨斯与丰田、奥迪与大众。”李斌谈到，蔚来汽车将推出的大众品牌希望在价格上比特斯拉更低，但体验会超越后者。（第一财经）
534,,12:12,亚美尼亚驳斥阿塞拜疆关于违反卡拉巴赫三方声明的指控。（卫星新闻）
533,,12:13,【华虹半导体：第二季度净利润4408.2万美元 去年同期1782.6万美元】华虹半导体在港交所公告，第二季度营收3.46亿美元，去年同期2.25亿美元，净利润4408.2万美元，去年同期1782.6万美元，每股盈利0.033美元，去年同期0.014美元。
532,,12:14,【SK海力士股价下跌至超过八个月以来最低 交易量激增】爱思开海力士半导体公司下跌4.7%，股价从10.55万韩元下跌至10.05万韩元，低于11月30日以来收盘价。韩国KOSPI指数下跌0.1%，MSCI AC 亚太指数下跌0.1%。
531,,12:19,中国地震台网正式测定：08月12日11时46分在斐济群岛（南纬18.35度，西经177.85度）发生5.6级地震，震源深度500千米。
530,,12:24,【李奇霖：实体融资需求有回落压力】红塔证券首席经济学家李奇霖表示，7月金融数据并不乐观，比如社融同比低于预期，M2同比增速走弱。我们认为，企业中长期贷款占比低于季节性，以及票据融资规模增长高于季节性等，都表明目前实体融资需求有回落的压力。
529,,12:25,【新三板精选层股票早盘整体走强 观典防务大涨近24%】今日早盘精选层股票整体走强，转板概念股走势非常抢眼，早盘观典防务一度大涨近29%。截至中午收盘，首批精选层股票位居涨幅榜前列，观典防务大涨23.62%，同享科技上涨10.69%，富士达、龙竹科技分别涨逾8%，永顺生物等多只个股涨幅逾6%。
528,,12:27,【贾跃亭1.2亿股乐视股票将拍卖 两兄弟1.4亿股乐视股票将拍卖】据阿里拍卖消息，贾跃亭持有的乐视网信息技术（北京）股份有限公司约1.2亿股的股票将于2021年9月11日在阿里拍卖平台上公开拍卖，同时被拍卖的还有其哥哥贾跃民持有的乐视网总计2000万股的股票。 天眼查App显示，目前贾跃亭在乐视网信息技术（北京）股份有限公司的十大股东中，持有约8.98亿股，占总股本比例22.52%；其哥哥持有约2451.34万股，占总股本比例0.61%。
527,,12:28,【蒙古国新增新冠肺炎确诊病例1443例 累计确诊178441例】当地时间8月12日上午11时，蒙古国卫生部通报，过去24小时，蒙古国新增新冠肺炎确诊病例1443例。自进入8月份以来，蒙古国单日新增确诊病例数曾一度有所下降，基本保持在1000例至1200例之间，但是，近几天该国疫情再度呈现反弹趋势，单日新增确诊病例数连续两日均超过1400例。
526,,12:28,【IDC：上半年平板电脑出货量8035万台 同比增长24.4%】IDC报告数据显示，上半年全球平板电脑整体市场出货量8035万台，同比增幅24.4%。与全球市场相比，第二季度中国平板电脑市场出货量约715万台，同比增长8.3%，继续稳步提升。上半年国内整体市场出货量1340万台，同比增幅29.7%。由于市场需求的日趋稳定，渠道库存的恢复以及大部分厂商年度最有竞争力的新品都集中于下半年上市，预计未来数月中国平板电脑市场将会进入“见血”的残酷竞争局面。
525,,12:31,国家能源局数据显示，7月份全社会用电量同比增长12.8%。7月份，我国经济持续稳定恢复，全社会用电量持续增长，达到7758亿千瓦时，同比增长12.8%，较2019年同期增长16.3%，两年平均增长7.8%。
524,,12:33,扬州发布：扬州市广陵区湾头镇，汤汪乡，曲江街道，东关街道调整为高风险地区；原扬州市中、高风险地区同时废除。
521,,12:34,日本东京新冠疫情防控小组专家：新冠疫情形势现在已经无法控制。
523,,12:34,江苏扬州市4地调整为高风险地区，另有多地调整为中风险地区。
522,,12:34,【黑龙江进一步加强文旅行业疫情防控工作 尽量控制线下会议规模】近日，黑龙江省文化和旅游厅下发紧急通知。通知要求，各市（地）文化和旅游行政部门及所属企事业单位非必要禁止举办大型会议活动。必须举办的各类会议活动，建议延后14天举办，错过窗口期，同时参考国内疫情形势变化再拟定具体时间。对拟召开的线下会议，要尽量控制会议规模，压缩会议时间，非必要不召开50人以上规模的会议。
520,,12:35,"#雪球结构理财产品与我球无关# 【5000亿网红“雪球”或成下一个血本无归的巨雷！“年息20%、稳赚不赔”？监管提醒风险】

近日，监管部门向各券商发文，要求强化“雪球”产品的风险管控，提醒各证券公司应持续强化风险意识，切实加强相关业务条线合规风控体系建设。被称为“雪球”的产品全称是“雪球型自动敲入敲出式券商收益凭证”，是场外期权模型的一种，也是今年以来市场上卖到脱销的明星产品。（来源：21世纪经济报道）"
519,,12:38,摩根大通：将贝壳评级从跑赢大市下调至中性，目标价从86美元下调至24美元。
518,,12:42,【消息称理想汽车正考虑在欧洲设立生产基地】报道称，理想汽车正考虑在欧洲设立生产基地，作为其进军全球市场的垫脚石。并计划在2022年推出全尺寸SUV。媒体就此事询问理想汽车，截止发稿，理想方面尚未回应。
517,,12:50,【机构分析：美联储开启缩减购债迫切性下降】隔夜美国公布7月CPI数据，环比升0.5%，较上月回落0.4个百分点，同比上涨5.4%，与上月持平。美国核心CPI顶部或已确立，但仍将继续处于高位。美国呼吁欧佩克+增产，短期油价承压，CPI冲高概率较低。通胀趋缓或动摇部分鹰派官员的主张，进一步降低美联储9月实施缩减购债的概率。随着经济增速趋缓、通胀担忧缓解以及疫情重燃，美联储急于开启缩减购债的必要性明显下降。
516,,12:57,【水利部：编制好黄河流域生态保护和高质量发展水安全保障规划】8月11日，水利部部长李国英主持召开部务会议，会议强调，要进一步对表对标《黄河流域生态保护和高质量发展规划纲要》，编制好黄河流域生态保护和高质量发展水安全保障规划。要突出规划重点，针对黄河流域存在的突出困难和问题，立足黄河长治久安，坚持综合治理、系统治理、源头治理，全面科学谋划流域水安全保障方案。
515,,12:57,【中国人民银行副行长陈雨露出席东亚及太平洋中央银行行长会议组织（EMEAP）第26届行长视频会议】2021年8月12日，中国人民银行副行长陈雨露出席东亚及太平洋中央银行行长会议组织（EMEAP）第26届行长视频会议。会议讨论了EMEAP各工作组工作进展、近期经济金融形势以及危机与复苏中的央行政策沟通等议题。
514,,12:58,【中国首例新冠肺炎确诊三胞胎孕妇在瑞丽顺利生产】云南省瑞丽市委宣传部消息，11日上午10时许，该市一名新冠肺炎确诊孕妇字女士在定点救治医院隔离区顺利诞下三胞胎男婴。三个新生儿羊水、咽拭子、胃液第一次核酸检测结果均为阴性。新冠肺炎确诊三胞胎孕妇顺利生产在中国尚属首例。
513,,13:01,【奥拓电子：青岛胶东国际机场应用公司的产品和视讯解决方案】奥拓电子消息，8月12日零时，青岛胶东国际机场正式转场通航。随着青岛胶东国际机场的正式开启，由奥拓电子为青岛胶东机场多个场景打造的多个数字媒体LED显示屏也正式亮相，同时，奥拓电子围绕LED显示屏而打造的机场智能视讯解决方案将助力青岛胶州国际机场建设成为现代化智慧型机场。
512,,13:02,恒生科技指数跌幅扩大至超1%。
510,,13:05,【中银证券：银行业二季度单季利润同比增23% 看好中报行情】 中银证券认为，银行业2季度单季利润同比增23%，息差环比降幅收窄，资产质量指标进一步向好。经过前期调整，目前板块估值、持仓比例均处于历史低位，充分反映了市场担忧情绪。板块低估值、高股息率，配置价值突出，8月进入中报季，优质龙头个股招行、平安、宁波中报的质和量提升均可期待，建议关注。同时，仍需跟踪经济、融资平台和房地产等政策对行业的持续影响。
511,,13:05,【汽车整车股午后继续走高】安凯客车、东风汽车、广汽集团状态，北汽蓝谷、长安汽车、长城汽车、比亚迪等全线走高。
509,,13:07,港股恒大概念板块持续走低，中国恒大跌超8%，恒大汽车跌超6%，恒大物业跌超3%。
508,,13:09,【爱奇艺经营范围新增互联网直播服务等】天眼查App显示，8月11日，北京爱奇艺科技有限公司发生工商变更，公司经营范围新增出版物零售、批发；互联网直播服务；互联网信息服务等。
507,,13:09,【呼和浩特：倡议市民能接尽接，接种疫苗当日可休假一天】据呼和浩特发布，内蒙古呼和浩特市应对新型冠状病毒感染肺炎疫情防控工作指挥部于8月10日发出倡议：机关企事业单位、建筑工地、个体工商户等各级各类用人单位，职工接种疫苗当日可休假一天。（中新网）
506,,13:10,【滴滴：关于管理层变动的传言不实】今日有消息称，滴滴出行或将调整其核心高管团队。对此，滴滴出行官方微博回应：滴滴目前正积极全面配合网络安全审查，市场上关于公司管理层变动的传言为不实信息。
505,,13:19,【北汽蓝谷午后触及涨停】北汽蓝谷午后触及涨停，成交额25.45亿元 。
504,,13:20,【盐津铺子在湖南成立物流公司 注册资本1000万人民币】天眼查App显示，8月11日，湖南盐津铺子物流有限公司成立，法定代表人为王亮，注册资本1000万人民币，经营范围包括普通货物运输；物流代理服务；仓储管理服务；国内货运代理等。股东信息显示，该公司由盐津铺子食品股份有限公司全资控股。
503,,13:21,【华为P50 Pro首销货源紧缺】8月12日，华为P50 Pro旗舰手机首销，搭载麒麟9000芯片，支持4G网络，售价6488元起。在深圳走访多家华为线下授权体验店发现，P50 Pro货源紧缺，深圳华为旗舰店也出现了同样情况。从线上市场来看，华为商城显示，华为P50 Pro暂时缺货。（中证报）
501,,13:23,扬州发布：于8月12日13：00开展主城区第七轮大规模核酸检测。
502,,13:23,【北京六大火车站环境采样结果均为阴性】北京市重点站区管委会12日发布，相关部门于8月7日、8日组织专业核酸检测机构对北京站地区、北京西站地区、北京南站地区、北京北站地区、清河站地区、北京朝阳站地区等6个站区开展环境采样，结果均为阴性。近期，北京出现京外关联本地病例，疫情防控压力增加。正值“暑运”期间，北京将全力确保旅客出行安全。
500,,13:25,【全球首个光伏、储能户外实证实验平台科研功能全面启动】中国国家电投黄河上游水电开发有限责任公司发布消息称，由该公司负责建设的黑龙江大庆新能源科技研发中心正式揭牌成立并投入运行，标志着全球首个光伏、储能户外实证实验平台――国家光伏、储能实证实验平台(大庆基地)的科研功能全面启动。(中国经济网)
499,,13:27,【法国政府决定为部分人群接种新冠疫苗加强针】法国总统马克龙当地时间11日表示，休假季结束后，法国将为80岁以上老人和免疫系统极其脆弱的高风险人群接种新冠疫苗加强针。
498,,13:28,韩国方面表示，在目前的社交疏离措施水平下，新冠肺炎病例可能会上升。
497,,13:30,【盗走40亿归还17亿 币圈现惊天盗案】 跨链去中心化金融平台Poly Network近日遭黑客攻击，短短34分钟，价值超6.1亿美元（约合人民币40亿元）虚拟货币被洗劫一空。目前，黑客已归还窃取资金2.6亿美元（约合人民币17亿元），还有3.53亿美元未偿还。（中国证券报）
496,,13:31,沪镍期货主力合约上涨5.04%，报147410.0元/吨。
495,,13:31,东芝第一财季经营利润145.3亿日元，市场预估149亿日元。
494,,13:33,伊朗将9月份对亚洲市场出售的轻质原油售价定在升水2.65美元/桶。
493,,13:34,白酒股午后持续下挫，贵州茅台跌超3%失守1700元关口，水井坊、五粮液、泸州老窖集体下行。
492,,13:35,日本累计接种新冠疫苗达1.071亿剂次，36.1%的人口完成完全接种。
491,,13:35,台湾加权指数周四收盘下跌7.24点，跌幅0.04%，报17219.94点。
490,,13:36,富时中国A50指数期货跌幅扩大至1%。
489,,13:38,【IDC：上半年全球平板电脑整体市场出货量8035万台，同比增24.4%】 IDC数据显示，上半年全球平板电脑整体市场出货量8035万台，同比增长24.4%。与全球市场相比，2021年第二季度中国平板电脑市场出货量约715万台，同比增长8.3%，继续稳步提升。2021年上半年国内整体市场出货量1340万台，同比增幅29.7%。由于市场需求的日趋稳定，渠道库存的恢复以及大部分厂商年度最有竞争力的新品都集中于下半年上市，预计未来数月中国平板电脑市场将面临残酷竞争。
488,,13:43,【农业农村部：将继续推动农机安全监管信息化建设】据农业农村部8月12日消息，农业农村部在对十三届全国人大四次会议第1428号建议的答复摘要中指出，农业农村部将继续推动农机安全监管信息化建设，推进农机车辆和驾驶人信息等农机安全监管数据互联互通，并会同公安部加强农机安全形势研判，采取针对性措施，持续加强部门共建共治管理合力，共同推进农机安全生产形势持续稳定向好。
487,,13:43,【盐湖提锂午后拉升 成交额超100亿】盐湖股份午后拉升涨近5%，早盘一度跌超4%，目前成交额超100亿。
486,,13:46,沪深两市成交额连续第17个交易日突破1万亿元。
485,,13:47,【北港集团与广西农垦集团签署战略合作框架协议】8月11日上午，北港集团与广西农垦集团在南宁签订战略合作框架协议，双方计划建立长期、稳定、优先的战略合作伙伴关系，进行全方位、深层次、宽领域、多模式的合作。
484,,13:51,广州天河报告1例入境解除隔离人员检测阳性。
483,,13:52,盐湖提锂板块午后持续拉升，西藏珠峰、兆新股份等涨停，盐湖股份涨超8%，比亚迪、西部矿业跟涨。
482,,13:54,锂电股午后反复活跃，长远锂科、德方纳米、万顺新材、中国电研、西藏珠峰、蔚蓝锂芯、湘潭电化、鞍重股份、科士达等20余股涨停或涨幅超10%。
481,,13:55,【广州天河报告1例入境解除隔离人员检测阳性】 2021年8月12日4:50，广州市天河区接中山大学附属第三医院报告1例入境人员解除集中隔离后，居家健康监测第4天鼻咽拭子新冠病毒核酸检测初筛阳性。接报后，天河区立即启动疫情处置应急预案，迅速开展流行病学调查溯源、人员排查管控、核酸筛查、重点场所管控与终末消毒等工作。（南方都市报）
480,,13:55,【雾芯科技推进金护盾行动 协助监管部门查获假冒电子烟43万余件】8月11日，雾芯科技（RELX悦刻）发布金护盾行动最新打假成果显示，今年初至今，公司协助多地行政执法部门查处制假窝点超20家，查获假冒、山寨悦刻产品43万余件，涉案总金额超6200万元。雾芯科技称，这些假冒产品的生产环境恶劣，未经任何质量检测，存在电池爆炸等重大安全风险，严重损害消费者人身安全及合法权益。(上海证券报)
478,,13:57,【贾跃亭1.2亿股乐视股票将拍卖，目前其被执行总额超94亿】据阿里拍卖网站，贾跃亭持有的乐视网信息技术（北京）股份有限公司约1.2亿股的股票将于2021年9月11日在阿里拍卖平台上公开拍卖，同时被拍卖的还有其哥哥贾跃民持有的乐视网总计2000万股的股票。天眼查风险信息显示，贾跃亭及其哥哥贾跃民已关联多条被执行人、限制消费令及股权冻结信息。8月4日，贾跃亭还因借款纠纷被执行超4.5亿，目前其被执行总金额已超94亿元。（界面）
479,,13:57,【银联国际在港推出二维码取款服务】银联国际今日宣布，在香港推出二维码取款服务。本地银联卡持卡人在部分ATM终端取现将不用携卡、插卡，仅需对屏幕“一扫”即可，体验更加便捷、安全。中国银行（香港）、交通银行（香港）、招商银行（香港分行）、虚拟银行Livi Bank及东亚银行首批开通支持。
477,,13:58,港股互联网医疗板块集体下挫。众安在线跌超13%，京东健康跌超8%，阿里健康跌4.5%，平安好医生跌2.3%。
476,,14:00,英国第二季度GDP年率初值录得22.2%，创有纪录以来新高。
475,,14:01,日经225指数收跌0.2%。
474,,14:01,鸿海第二季度净利润297.8亿台币，市场预估256.7亿台币。
473,,14:02,英国6月份制造业产值环比增长0.2%；英国6月份制造业生产同比增长13.9%。
472,,14:04,英国6月季调后商品贸易帐：-119.88亿英镑；预期：-91亿英镑；前值：-84.81亿英镑。
471,,14:06,【腾讯实时合照专利获授权 可实现不同终端或地点用户使用】数据显示，近日，腾讯科技（深圳）有限公司获得“拍照方法、终端及系统”专利授权。该方法实现了使用不同终端的用户，或者处于不同地点的用户，可以进行实时合照，提高了拍照的灵活性，满足了用户的个性化需求，提高了用户体验。
470,,14:07,高盛：给予理想汽车(02015.HK)买进的初始评级，目标价240港元。
469,,14:08,【罗莱生活：目前已与航天101所合作开发了罗莱航天棉】罗莱生活今日在互动平台上表示，2021年罗莱生活成为中国航天事业的合作伙伴。公司与中国航天基金会及航天研究所合作，致力于将先进的航天技术运用于家纺产品的研发制作中，目前已与航天101所合作开发了罗莱航天棉，并运用于纤维被中提升抗菌、保暖等效果。未来公司也将不断推进与中国航天的进一步深度合作。
468,,14:12,【盐湖股份午后涨停，成交134亿元】截至发稿，盐湖股份午后涨停，成交134亿元。
467,,14:12,【均胜电子：推进车端+储能端双业务驱动】均胜电子官微今日消息，今年上半年，均胜电子新设立新能源研究院。依托新能源研究院，均胜电子表示，将进一步开展电控技术创新研发，健全知识产权体系，强化均胜在新能源汽车电控领域的领先地位，并同步推进区域电化学储能业务，从关键零部件辐射到产品，实现“车端+储能端”的新能源业务布局。
466,,14:13,鸿海集团：汽车零部件业务将在2021年带来超过100亿新台币的收入。
465,,14:15,稀土永磁板块午后持续拉升，金贵银业、三祥新材等涨停，中国铝业涨超5%，大洋电机、包钢股份、五矿稀土跟涨。
464,,14:16,机构评英国第二季度GDP年率初值：英国第二季度经济产出稳步改善，因为新冠疫情限制措施开始放松，被压抑的需求帮助提振了本季度的整体活动。就恢复到疫情前的水平而言，还有一些路要走，但至少目前情况仍在改善。尽管如此，第三季度的前景似乎不那么强劲，因需求状况有所缓解，且自我隔离限制令企业信心承压。
463,,14:17,德国外长：如果塔利班接管阿富汗并引入伊斯兰教法，德国不会再给阿富汗任何金钱援助。
462,,14:19,顺网科技：与如家酒店集团签订战略协议，联手打造新型电竞酒店。
461,,14:20,澳大利亚S&P/ASX200指数8月12日（周四）收盘上涨3.90点，涨幅0.05%，报7588.20点。
460,,14:21,投行Evercore ISI：将eBay(EBAY.O)目标价从70美元下调至66美元。
459,,14:23,丰田汽车将于8月18-27日暂停巴西工厂运营。
458,,14:24,市场消息：阿里巴巴投资的自动驾驶激光雷达公司速腾聚创将在明年进行规模为10亿美元的IPO。
457,,14:26,【万科、碧桂园均与恒大物业洽谈过 但目前暂已退出收购】恒大拟出售旗下恒大物业及恒大汽车部分权益一事备受市场关注，记者从知情人士处独家获悉，万科、碧桂园均与恒大物业洽谈过，但因为价格等方面问题，二者目前均未与恒大物业达成一致，暂已退出收购事宜。（财联社）
456,,14:27,【理想汽车港股双重上市，未来不排除回归A股可能性】 今日，理想汽车在港交所敲钟上市，这是理想汽车自去年7月份登陆美国资本市场后的第二次IPO。理想汽车联合创始人兼总裁沈亚楠对今日对包括第一财经在内的记者表示，去年在美国上市后，就有了赴港上市的计划，在香港上市有三方面的原因：一是香港是国际化资本市场，市场深度较好且投资方多元化；二是为了吸引亚太地区的投资人；三是能够抵抗一些不确定性的因素。此外，沈亚楠告诉记者，不排除回归A股的可能性，内部正在研讨。
455,,14:27,钛白粉板块持续拉升，龙佰集团涨停回封，振华股份、鲁北化工、安宁股份跟涨。
454,,14:28,【湖北：强降雨致10万余人受灾，重大气象灾害（暴雨）应急响应升至三级】12日10时30分，湖北省气象局将重大气象灾害（暴雨）应急响应由Ⅳ级提升至Ⅲ级。近日湖北强降水天气引发洪涝、风雹等灾害。据湖北省应急管理厅消息，初步统计，截至12日10时，8月8日以来的强降雨过程已造成十堰市、襄阳市、孝感市、黄冈市、随州市、恩施州等6个市（州）13个县（市、区）10.87万人受灾，转移安置635人；农作物受灾面积8.11千公顷，其中绝收面积0.64千公顷；因灾倒塌房屋48间，不同程度损坏房屋3561间。（新华社）
453,,14:29,美元兑韩元周四劲升0.6%，触及2018年10月以来逾10个月新高1162.29，因亚太地区疫情持续发酵对区域内新兴市场货币普遍施压，更多资金仍流向美元计价资产避险。
452,,14:30,【中棉协：7月预计全国棉花总产量同比减少2.71%】7月，中国棉花协会棉农分会对全国12个省市和新疆自治区2291个定点农户进行了棉花生长情况及预计产量调查。调查结果显示：全国植棉面积为4345.59万亩，同比减少5.47%；预计全国棉花总产量约为576.31万吨，同比减少2.71%，减幅较上期缩小0.7个百分点。
451,,14:30,【港股恒大物业短线下挫】港股恒大物业短线下挫，现跌超5%。有报道称万科、碧桂园均与恒大物业洽谈过，但目前暂已退出收购。
450,,14:35,上海电气A、H股短线拉涨，A股涨超7%，港股涨超5%。
449,,14:36,【海南：落实最严格耕地保护制度 坚决制止耕地“非农化”行为】经海南省政府同意，海南省自然资源和规划厅日前下发《关于落实最严格耕地保护制度制止耕地“非农化”行为的通知》要求，严格执行“六个严禁”，坚决制止耕地“非农化”行为，落实最严格的耕地保护制度，严守耕地保护红线和粮食安全底线。《通知》包括：严禁违规占用耕地绿化造林；严禁超标准建设绿色通道；严禁违规占用耕地挖湖造景；严禁占用永久基本农田扩大自然保护地；严禁违规占用耕地从事非农建设；严禁违法违规批地用地等方面。
448,,14:38,蒙特利尔银行外汇策略欧洲主管斯Stephen Gallo：2021年英国经济有望实现略高于6.0%的增长。
447,,14:40,【北京持续整治规范房地产市场秩序，三项目被暂停网签】近日，北京市住建委接到媒体反映鸿熙华庭嘉苑、明悦湾嘉园、京贸国际公馆三项目在销售过程中存在违规问题的线索后，立即会同通州区、大兴区住建委通过明察暗访、线上线下相结合方式对涉及项目进行了执法检查。北京市住建委表示，针对上述问题，市区住建部门已向违规企业下达责令改正通知书，要求企业立即整改，并启动立案调查程序，对问题严重的鸿熙华庭嘉苑项目立即暂停网上签约。
446,,14:40,【我国首套水下应急封井器海试成功】据中国海油微信公众号11日消息，近日，由中国海油牵头研制的首套国产水下应急封井器在南海深水海域顺利通过海试。
445,,14:41,【湖北：强降雨致10万余人受灾，重大气象灾害（暴雨）应急响应升至三级】12日10时30分，湖北省气象局将重大气象灾害（暴雨）应急响应由Ⅳ级提升至Ⅲ级。据湖北省应急管理厅消息，初步统计，截至12日10时，8月8日以来的强降雨过程已造成十堰市、襄阳市、孝感市、黄冈市、随州市、恩施州等6个市（州）13个县（市、区）10.87万人受灾，转移安置635人；农作物受灾面积8.11千公顷，其中绝收面积0.64千公顷；因灾倒塌房屋48间，不同程度损坏房屋3561间。（新华网）
444,,14:42,恒大物业(06666.HK)持续走低，跌幅扩大至8%，报6.7港元。
443,,14:43,花旗：吉利汽车(00175.HK)属未来六个月风险与回报比率最高的汽车股。
442,,14:43,【发改委主持召开洋浦保税港区“一线放开、二线管住”试点有关问题协调会】8月11日下午，发改委地区司司长肖渭明同志主持召开视频会议，研究协调海南自由贸易港洋浦保税港区“一线放开、二线管住”试点有关问题。会议要求，要加强试点工作研究，充分利用好现有土地资源，优化土地要素配置，加快推进土地腾退置换，有效盘活低效闲置用地。同时，要加快引入不同类型的市场主体，不断丰富试点应用场景，为海南自由贸易港全岛封关运作做好准备。
441,,14:44,【中高风险区快递停运了？多家快递回应】近期，有媒体报道称，上海多位市民在寄送快递时遭遇阻碍，且快递无法投递的地址有一个共同特点，均属于中高风险区。8月12日，圆通、顺丰、中通和申通快递公司向澎湃新闻记者回应称，中高风险区快递确实受到一定的影响，但并非全部停运，主要根据当地的防控疫情规定而进行调整。(澎湃新闻)
440,,14:46,【德商银行：欧元小幅反弹 料继续跌向1.1575】我行固收技术分析研究部主管Jones认为，目前欧元兑美元EUR/USD维持在今年低点1.1704上方，短线应会迎来一波小幅反弹，随后料跌至1.1575。短线有望反弹至1.185，隔夜美元回落应支持欧元短线走强。中期来看，美联储货币正常化速度快于欧洲央行利空欧元。
439,,14:48,截至2021年8月11日，北京市累计报告接种新冠病毒疫苗3776.12万剂次。其中，12-17岁人群累计接种48.81万剂次。累计接种1971.13万人。其中1816.27万人完成全程接种，全市18岁及以上常住人口全程接种率93.26%。（健康北京）
438,,14:48,郑商所玻璃期货主力合约下跌4.13%，报2741.0元/吨。
435,,14:49,据日本富士新闻网：爱知县新增创纪录的703例新冠肺炎病例。
436,,14:49,【韩运载火箭“世界”号将于10月首次试射】韩国科学技术信息通信部12日召开第20次国家宇宙委员会会议，审议批准了韩国航空宇宙研究院提交的国内自主研制运载火箭“世界”（Nuri）号（KSLV-Ⅱ）发射计划。由此，“世界”号将于10月21日进行第一次发射。
437,,14:49,国家网信办举报中心：2021年7月，全国各级网络举报部门受理举报1685.6万件，环比增长23.5%、同比增长15.2%。在各级网信部门指导下，目前全国各主要网站不断畅通举报渠道、受理处置网民举报。欢迎广大网民积极参与网络综合治理，共同维护清朗网络空间。
434,,14:50,【蓝帆医疗：75亿支丁腈手套生产线已达到满产 公司近期有收到部分转移订单】蓝帆医疗在互动平台表示，75亿支丁腈手套生产线已达到满产，100亿支丁腈手套生产线已部分建成投产，公司目前丁腈手套的产能利用率处在较高水平；随着国外疫情的反复，公司近期有收到部分转移订单。
433,,14:53,【陆家嘴“十四五”规划发布，将打造全球人民币金融资产配置中心】《自贸试验区陆家嘴片区发展“十四五”规划》今天正式发布。根据《规划》，上海自贸试验区陆家嘴片区将打造全球人民币金融资产配置中心。到2025年，累计集聚各类金融机构突破10000家，持牌类金融机构突破1000家，占上海全市比重进一步提升。上海自贸试验区陆家嘴片区将创建国际化一流营商环境示范区，建成上海全市第一商圈，到2025年，年社会消费品零售总额突破1000亿元，上海全市占比进一步提升，基本建成一流国际消费中心核心地标。（上证报）
432,,14:54,【速腾聚创考虑明年进行10亿美元IPO】据知情人士透露报，中国自动驾驶汽车智能激光雷达系统制造商速腾聚创(RoboSense)考虑明年在美国IPO融资至多10亿美元。 (IFR)
431,,14:55,鸿海集团董事长刘扬伟：鸿海预计零部件短缺会持续到2022年第二季度。零部件短缺的影响非常有限。
430,,14:57,香港特区政府卫生署卫生防护中心12日公布，截至当日零时，香港新增5例新冠肺炎确诊病例，均为境外输入病例。（央视新闻）
429,,14:57,【中汽协：2021年7月汽车产销分别环比下降4.1%和7.5%】中汽协：2021年7月，汽车产销分别完成186.3万辆和186.4万辆，环比下降4.1%和7.5%，同比下降15.5%和11.9%。2021年1-7月，汽车产销分别完成1444万辆和1475.6万辆，同比增长17.2%和19.3%，增速比1-6月继续回落。
428,,14:58,北向资金净流入超30亿元。
427,,15:01,【国内商品期货收盘 沪镍涨超4%】国内商品期货收盘，涨跌参半，沪镍涨超4%，红枣涨超3%，棕榈、郑油等涨超2%，沪锌、SS等涨逾1%，郑醇、生猪等小幅上涨；玻璃跌超4%，尿素跌超3%，菜粕跌逾2%，豆粕、焦煤等跌超1%，郑棉、花生等小幅下跌。
425,,15:01,A股收盘，三大股指集体下跌，沪指跌0.22%，深成指跌0.79%，创业板指跌1.47%，沪深两市成交额12967亿元，北向资金净流出1.78亿元。
426,,15:01,【欧洲主要股指开盘涨跌不一】欧洲主要股指开盘涨跌不一，德国DAX30指数涨0.09%，英国富时100指数跌0.31%，法国CAC40指数涨0.05%。
424,,15:02,"【收评：指数午后震荡走低，创业板指跌1.47%；军工、白酒等板块回调，贵州茅台跌超3%失守1700点；锂电概念再掀涨停潮，盐湖股份涨停；汽车、资源股亦表现强势】

三大指数午后震荡走低，截至收盘，上证指数跌0.22%，深证成指跌0.79%，创业板指跌1.47%；两市个股跌多涨少，近2100只个股下跌；两市全天成交额超1.3万亿，北向资金净流入超35亿。"
423,,15:05,数据显示，北向资金全天小幅净卖出1.78亿元，为连续第二天净卖出，早盘一度净买入近20亿元。
422,,15:08,【因零部件短缺，丰田汽车将暂停巴西工厂运营】彭博消息，丰田汽车因零部件短缺将于8月18至27日暂停巴西工厂运营。今年以来丰田已多次因零部件短缺等问题暂停生产。（界面）
421,,15:08,禾赛科技计划进行规模约3亿美元的美国IPO。 (IFR)
420,,15:08,据国际文传电讯社：亚美尼亚总统表示准备会见阿塞拜疆总统。
419,,15:11,华尔街资管公司科文：将eBay(EBAY.O)目标价从72美元下调至69美元。
417,,15:12,据国际文传电讯社：俄罗斯方面称，“伊斯兰国”极端组织在阿富汗有1500-2000名武装分子。
418,,15:12,鸿海将于2023年在美国和泰国开始量产电动汽车。
416,,15:13,【我国首个光伏储能实证实验平台科研功能全面启动】8月11日，大庆新能源科技研发中心正式揭牌成立，并发布首批“揭榜挂帅”科研课题，组织业内专家召开了光伏储能行业技术研讨会，并对技术问题进行选题讨论，更好地组织科技研发方向，这标志着国家首个光伏、储能实证实验平台的科研功能全面启动。（中国电力报）
414,,15:14,【成都市灵活就业人员可缴存住房公积金】据成都住房公积金管理中心8月12日消息，8月16日上午9:00起，灵活就业人员通过天府市民云APP就可办理住房公积金开户登记、缴款等业务。灵活就业缴存人购买本市自住住房，且满足参与缴存住房公积金时间不少于12个月、符合国家及本市房地产调控政策规定、具有完全民事行为能力、已按规定支付首付款、具有稳定经济收入来源和偿还贷款本息能力、个人信用良好、无公积金贷款余额等条件时，可向成都公积金中心申请公积金贷款。
415,,15:14,据日本放送协会NHK：日本福冈县发现1000多例新冠肺炎确诊病例。
412,,15:17,国债期货收盘，10年期主力合约涨0.20%，5年期主力合约涨0.10%，2年期主力合约涨0.01%。
413,,15:17,港股阿里概念股走低。阿里健康跌超5%，高鑫零售跌3%，阿里影业跌2%。
411,,15:17,【农业农村部：本月将棉花进口上调20万吨至280万吨】截至6月底，2020/21年度棉花进口量已超过250万吨，考虑到70万吨棉花滑准税配额已发放至纺织企业、内外棉价差依然较大，本月将棉花进口上调20万吨至280万吨。本月预测，棉花生长发育进入花铃期，全国棉区综合气象条件较适宜，好于近五年平均水平，2021/22年度棉花播种面积、产量和消费量维持上月预测不变。
410,,15:18,【鸿海董事长刘扬伟：Q2基数较高 预估Q3营收与Q2持平】鸿海今日举行法人说明会，鸿海董事长刘扬伟表示，鸿海第二季营收表现优于前次法说预期，展望第三季，预估第三季营收约与第二季持平。针对各产品线本季展望，刘扬伟指出，在消费智能产品类别，因为第二季营收基期较高，现在进入第三季新旧产品交接期，这类别营收将比第二季略为衰退，但比去年同期强劲成长。
409,,15:18,市场消息：小马智行据悉拟在新一轮融资中筹集5亿-10亿美元。
408,,15:22,港股恒大概念股午后跌幅进一步扩大。中国恒大跌超10%，恒大汽车跌超6%，恒大物业跌超7%；此前有报道称万科、碧桂园均与恒大物业洽谈过，但目前暂已退出收购。
407,,15:22,【我爱我家：公司全国加盟门店突破2000家】据我爱我家集团8月11日消息，公司全国加盟门店突破2000家、加盟体系经纪人超10000人。据介绍，2020年10月，我爱我家在聚焦主营业务的基础上，正式对外开放加盟业务。截至今年8月初，公司的加盟城市规模已扩张至全国27个城市，覆盖华北、华东、华南、西北等全国区域市场。
406,,15:24,【小鹏汽车在广州成立新公司 经营范围含新能源换电设施销售等】数据显示，近日，广州鹏行汽车销售服务有限公司成立，法定代表人为朱艳华，注册资本500万人民币，经营范围包括新能源汽车整车、换电设施销售；汽车新车、旧车、装饰用品、零配件零售；汽车拖车、求援、清障服务等。股东信息显示，该公司由小鹏汽车销售有限公司100%控股。
405,,15:25,【日月光：封测业务产能维持满载 预计今年将维持成长】封测龙头日月光投控今日召开股东会，董事长张虔生指出，封测业务已在去年第四季复苏，目前产能维持满载，预计今年将维持营运成长。
404,,15:27,港股恒生科技指数跌幅扩大至2%，恒指跌近1%，众安在线跌超11%，京东健康跌超7%，阿里巴巴跌超2%。
403,,15:30,马来西亚周四新增21668例新冠确诊病例，创疫情以来新高。
402,,15:30,上海黄金交易所黄金T+D 8月12日（周四）收盘上涨1.26%报366.59元/克；上海黄金交易所白银T+D 8月12日（周四）收盘上涨0.76%报5037.0元/千克。
401,,15:31,中国恒大短线拉涨，跌幅收窄至6%，有消息称中国恒大获得多家银行贷款展期。截至目前，中国恒大尚未就此回应。 (彭博)
400,,15:33,【韩军：水运行业的高运费仍有一定的可持续性】中信建投交通运输行业首席分析师韩军今日在雪球直播节大周期专场分享“交运行业的研究心得”，直播中韩军提到，目前水运行业运费价格仍然在上涨，供应链中断的扰动等多重因素，使得高价格有一定的可持续性，行业价格体系比我们想象的要强。点击看直播：https://xueqiulive.com/live/678990
399,,15:33,【中国恒大据悉获多家银行贷款展期 债务风暴中资金链压力有望暂时缓解】至少有三家商业银行据悉通过了中国恒大的贷款展期申请，这家地产巨头的流动性担忧有望得到暂时缓解。据知情人士透露，民生银行、浙商银行和浦发银行近日通过了中国恒大房地产项目的贷款展期申请。其中一位知情人士称，浙商银行已经将中国恒大两笔应于7月和8月到期的两笔贷款展期至年底。
398,,15:35,济民医疗：上半年净利1.05亿元，同比增2823.67%。
397,,15:36,【新天然气：预计上半年净利润同比增335%到 358%】新天然气公告，预计 2021年半年度实现归属于上市公司股东的净利润为 7.6 亿元到 8 亿元；与上年同期相比，增加 5.85 亿元到 6.25 亿元，增幅 335%到 358%。
395,,15:37,柏楚电子：上半年净利2.98亿元，同比增112.71%。
396,,15:37,【今日全国碳排放配额收盘价55.43元/吨】今日全国碳市场碳排放配额（CEA）挂牌协议交易成交量6001吨，成交额332652.00元，开盘价52.00元/吨，最高价55.70元/吨，最低价52.00元/吨，收盘价55.43元/吨，收盘价较前一日下跌0.84%。今日无大宗协议交易。今日全国碳排放配额（CEA）总成交量6001吨，总成交额332652.00元。截至今日，全国碳市场碳排放配额（CEA）累计成交量6467831吨，累计成交额326520466.02元。
394,,15:38,【上海建工：中标50.75亿元虹梅街道xh221-01地块建设项目】上海建工公告，近日，公司收到虹梅街道xh221-01地块建设项目施工总承包工程中标通知书，该项目中标价约50.75亿元。
393,,15:38,【蓝普视讯回应举报富满电子：与富满是长期战略合作关系 不只是从代理商直接拿货】关于举报富满电子一事，蓝普视讯董事长戴志明今日在接受记者采访时表示：公司与富满电子在相关技术和产品上有长期战略合作关系，不只是跟贸易公司之间的业务往来。此外，戴还透露，目前已有很多企业找过来，愿意一起参与诉讼，也有企业提供了相关证据。但最终是否会形成联合诉讼，目前尚未确定下来。（财联社）
392,,15:41,【印度一颗地球观测卫星发射任务失败】 印度空间研究组织12日称，该组织的地球观测卫星“EOS-03”当天发射失败，未能成功进入预定轨道。印度空间研究组织随后通过官方社交媒体透露，这颗卫星由“GSLV-F10”运载火箭按计划于当天凌晨5时43分（北京时间8时13分）发射。火箭第一级和第二级表现正常。但由于技术故障，第三级的低温发动机未能成功点火，任务失败。这颗卫星是地球同步轨道观测卫星，如果发射成功，将能提供接近实时的对地观测图像，以迅速监测自然灾害。（新华社）
391,,15:42,【8月基金扎堆发行 8月新发行基金数大涨4成】8月以来，公募基金发行呈现加速态势，新发行基金的数量已经达到了83支，相比上个月同期增长了38%。8月以来已发行的83支基金中，有51支是偏股型基金，占比超过60%，基金产品具备较明确的配置方向，科技、消费、医疗等新经济为主要方向。业内人士表示，今年基金行业呈现严重分歧的现象。消费类概念和新科技概念成为市场讨论的焦点。 （央视财经）
390,,15:43,【国家开发银行参与发起设立广东中医药大健康基金 总规模300亿元】国家开发银行周四宣布，参与发起设立广东中医药大健康基金，目前已进入实质性投资阶段。广东中医药大健康基金是国内首支由国资发起设立的中医药基金，总规模300亿元，首期规模50亿元，其中投向广东省不低于60%，将重点支持中药制造、中医服务、中药材加工、中药材种植等领域，并适当向医疗大健康领域拓展。
389,,15:43,【成都燃气半年报：上半年净利3.2亿元 同比增长27%】成都燃气发布2021年半年度报告，实现营业收入23.26亿元，同比增长14.14%；归属于上市公司股东的净利润3.2亿元，同比增长26.92%；基本每股收益0.36元。
388,,15:44,【红星发展：上半年净利6787.84万元 同比扭亏为盈】红星发展公布2021年半年度报告，公司上半年实现营业收入9.11亿元，同比增长59.81%；归属于上市公司股东的净利润6787.84万元，上年同期亏损657.08万元，同比扭亏为盈；归属于上市公司股东的扣除非经常性损益的净利润6393.97万元；基本每股收益0.23元。
387,,15:44,【卫信康：全资子公司通过药品GMP符合性检查】卫信康：全资子公司内蒙古白医制药股份有限公司于近日收到内蒙古自治区药品监督管理局药品生产质量管理规范（GMP）符合性检查结果，本次 GMP 符合性检查项目是在现有的原料药 401 车间里增加的生产品种，计划生产的品种为亚硒酸钠（原料药），设计产能为 300kg/年。
385,,15:45,【航民股份半年报：上半年净利2.68亿元 同比增长10%】航民股份发布2021年半年度报告，实现营业收入45.47亿元，同比增长98.33%；归属于上市公司股东的净利润2.68亿元，同比增长10.34%；基本每股收益0.248元。
386,,15:45,【中通快递2亿成立房地产公司】天眼查App显示，8月12日，上海通寓置业有限公司成立，注册资本2亿人民币，法定代表人为王吉雷，所属行业为房地产业，经营范围含房地产开发经营；非居住房地产租赁；物业管理。股东信息显示，该公司由中通快递股份有限公司全资持股。
383,,15:46,【港股中集安瑞科涨超20%】港股中集安瑞科涨超20%，成交额超3亿港元。据悉，在制氢领域，中集安瑞科在今年5 月与鞍钢股份达成合营协议，成立合营公司以建设和运营焦炉气制液化天然气及联产氢气项目。
384,,15:46,【健盛集团：上半年净利1.08亿元 同比增96.4%】健盛集团披露2021年半年度报告，报告期内，公司实现营业收入9.11亿元，同比增长25.1%；归属于上市公司股东的净利润1.08亿元，同比增长96.4%；归属于上市公司股东的扣除非经常性损益的净利润9996.80万元，同比增长155.76%；基本每股收益0.28元。
382,,15:47,日本东京新增4989例新冠肺炎确诊病例。
381,,15:47,【鸿海：预计今年汽车零组件营收增长40％ 明年成长速度会更快】鸿海今日举行法人说明会，鸿海董事长刘扬伟强调，在电动车领域，将透过公司独特的商业模式，提供客户垂直整合的服务，从设计、零组件、制造到区域合作，藉以满足车厂各种不同的需求。针对汽车零组件部分，预估今年营收将超过新台币100亿元，年增40％，且明年成长速度会更快。
380,,15:47,【桃李面包：控股股东盛雅莉拟减持不超过2%】桃李面包公告，持股9.05%的控股股东盛雅莉拟减持不超过2%。
379,,15:47,日本政府卫生顾问Omi：要求在大约两周内采取更强有力的紧急措施。
378,,15:48,"【神工股份：已经打通抛光硅片的产线 8英寸半导体级硅抛光片项目有序推进】神工股份在互动平台表示，公司已经打通抛光硅片的产线，8英寸半导体级硅抛光片项目有序推进，设备调试、工艺实验和客户认证同步进行。设备产能50,000片/月，目前以每月8,000片的规模进行生产。"
377,,15:48,【海口连续6天无新增 初步排除社区传播和本地聚集性疫情】海口市政府副市长凌云介绍，截至目前，海口已连续6天无新增确诊病例和无症状感染者。经过研判，可初步排除社区传播和本地聚集性疫情，疫情防控形势基本可控。两例病例涉及的密接及密接的密接均已得到了有效管控，对密接、密接的密接、封控区人员、病例活动过的重点区域，开展了多轮次的核酸检测，均为阴性。（央视新闻）
376,,15:49,吉比特：上半年净利9亿元，同比增63.77%。
375,,15:50,市场消息：欧盟暂停了对Illumina(ILMN.O)和Grail并购案的审查。
374,,15:55,英国国家卫生与服务优化研究院(NICE)：指南概要推荐礼来(LLY.N)的乳腺癌靶向药abemaciclib。
373,,15:56,【特发信息：公司研发的只是针对光通信业务的光芯片】 有投资者向特发信息提问，请问贵司研发的芯片可以用在微控制器、汽车、工业设备和电子产品上吗？对此，特发信息在投资者互动平台表示，公司研发的只是针对光通信业务的光芯片。
372,,15:56,布油刷新日高至71.70美元/桶，日内涨幅扩大到0.36%。
371,,15:58,印度SENSEX指数、印度NIFTY指数涨幅扩大至0.5%，势创新的历史新高。
370,,15:59,据伊朗半官方媒体努尔新闻网报道，伊朗防空部队在霍尔木兹海峡附近向属于美军的一架MQ-9收割者侦察机发射警告弹。
369,,16:00,法国兴业银行分析师指出，欧元兑美元当前的关键支撑位已是1.17关口，这也是其此前在今年3月底至4月初时触及过的年内低位水平，如果失守此支撑，汇价将在后市不可避免地跌向去年四季度的低点1.16，但反过来，只要能够守住1.17，那么欧元汇价后市仍有短线企稳的空间，初步反弹目标位上看1.1835水平，这是5月以来自1.2266至1.1706这波跌幅的23.6%斐波那契回撤位，升破后将显示汇价暂时触底。
368,,16:00,贝壳(BEKE.N)盘前跌近10%，预计第三季度营收将同比下滑约24.6%至29.4%。
367,,16:01,IEA月报：因新冠疫情下调石油需求展望，预计2022年将出现供应过剩。
366,,16:01,IEA月报：欧佩克+以外的石油供应今年料将增加60万桶/日，2022年则将增加170万桶/日，其中有60%的增幅来自美国。
365,,16:01,【科德数控：拟向银行申请不超等值8000万元综合授信额度】科德数控公告，公司根据业务发展需要，拟向工商银行大连自由贸易试验区支行申请不超过等值人民币8000万元的综合授信额度。
364,,16:02,伦敦金属交易所(LME)：铝库存减少6650吨，铜库存减少150吨，镍库存减少1440吨，铅库存减少100吨，锡库存减少65吨，锌库存减少3800吨。
363,,16:02,IEA月报：假设制裁行动持续阻碍伊朗出口，则2021年底前提用石油库存的情形可能持续。
361,,16:03,ExOne(XONE.O)盘前大涨近37%，公司确认将出售予3D打印企业Desktop Metal。
362,,16:03,Clover Health(CLOV.O)盘前涨超13%，第二季度同比亏转盈，营收及净利润均超出市场预期。
360,,16:04,IEA月报：供应提高、需求成长放缓，已经扑灭了市场上流传的超级循环的说法。
359,,16:04,IEA月报：石油消费国、特别是亚洲的石油消费国实施新的防疫限制，将会降低人员移动及石油的使用。
358,,16:04,IEA月报：7月炼制活动复苏放缓，因新一波疫情打击燃料需求及利润。
357,,16:04,美元/泰铢跌1.1%至32966泰铢，为2019年6月以来最大跌幅。
356,,16:04,Moderna(MRNA.O)盘前涨2%，隔夜收跌超15%，此前欧洲药管局表示正在调查辉瑞和Moderna疫苗可能引发的3项新的副作用。
355,,16:04,蔚来汽车(NIO.N)盘前涨0.75%，第二季度营收同比翻倍、每股亏损大幅收窄。
352,,16:05,【郑州暂停个体诊所诊疗服务】记者12日从郑州市新冠肺炎疫情应急处置联合指挥部新闻发布会上获悉，当日14时起将对包括出租车司机、快递外卖从业人员在内的重点人群启动新一轮核酸检测工作，同时，暂停个体诊所诊疗服务。(中国新闻网)
353,,16:05,【《中国（上海）自由贸易试验区临港新片区发展“十四五”规划》印发】上海市人民政府印发《中国（上海）自由贸易试验区临港新片区发展“十四五”规划》的通知：到2025年，聚焦临港新片区产城融合区，建立比较成熟的投资贸易自由化便利化制度体系，打造一批更高开放度的功能型平台，集聚一批世界一流企业，区域创造力和竞争力显著增强，经济实力和经济总量大幅跃升。
354,,16:05,菲律宾央行行长迪奥克诺：只要有需要都将维持货币政策支持。
351,,16:06,【桃李面包：控股股东盛雅莉拟减持不超过2%股份】 桃李面包晚间公告，公司控股股东及实际控制人盛雅莉计划3个交易日后的3个月内，通过大宗交易的方式拟减持不超过1904万股，占公司股份总数的2%。
350,,16:06,IEA月报：估计7月需求下降，因为德尔塔变种病毒的迅速蔓延影响了向印尼和亚洲其他地区的交付。
349,,16:07,【上海：到2025年临港新片区生产总值在2018年基础上翻两番】上海市人民政府印发《中国（上海）自由贸易试验区临港新片区发展“十四五”规划》。《规划》提出，到2025年，地区生产总值在2018年基础上翻两番，年均增速达到25%左右。培育形成智能新能源汽车、集成电路、高端装备制造3个千亿级产业集群，做大做强生物医药、人工智能、民用航空等先进制造业产业集群。大力发展跨境金融服务、新型国际贸易、现代航运服务、数字信息服务、科技创新服务等产业，形成一批具有影响力的功能型平台，累计认定总部机构50家左右。
348,,16:08,英国财政大臣苏纳克：在保持成本不变的同时致力于实现净零碳排放。
347,,16:08,【上海临港：培育形成智能新能源汽车、集成电路、高端装备制造3个千亿级产业集群】上海市人民政府印发《中国（上海）自由贸易试验区临港新片区发展“十四五”规划》的通知：到2025年，地区生产总值在2018年基础上翻两番，年均增速达到25%左右。培育形成智能新能源汽车、集成电路、高端装备制造3个千亿级产业集群，做大做强生物医药、人工智能、民用航空等先进制造业产业集群。大力发展跨境金融服务、新型国际贸易、现代航运服务、数字信息服务、科技创新服务等产业，形成一批具有影响力的功能型平台，累计认定总部机构50家左右。
346,,16:09,【文投控股：股东拟减持公司不超1%股份】文投控股公告，持股15.21%的股东厦门信托汇金1667号计划自2021年9月3日至12月2日之间，以集中竞价方式减持公司股票不超过1854.85万股，减持比例不超过公司总股本的1%。
345,,16:09,【湖北昨日新增感染者均属某工地同一传播链】 今天（8月12日）下午，湖北省疫情防控指挥部召开新闻发布会，介绍疫情最新情况和精准防控措施。8月11日0时—24时，湖北全省新增新冠肺炎本土确诊病例10例（其中荆门市6例，武汉市4例），均已转至定点医疗机构救治，无重症。武汉市新增感染者（其中江夏区11例，东西湖区1例），均属中建三局武汉沌口项目工地同一传播链。荆门市新增感染者，均与荆门市掇刀区亿纬动力有限公司工地关联，也属于中建三局武汉沌口项目工地同一传播链。（央视新闻）
344,,16:10,【港股恒指收跌0.5% 恒大概念股回吐昨日涨幅】香港恒生指数收跌0.53%，恒生科技指数收涨1.49%，医药、餐饮等板块跌幅居前，能源股逆市走高，中石油、中海油涨超1%。恒大概念股回吐昨日涨幅，中国恒大跌超8%，恒大汽车、恒大物业跌超6%。
342,,16:10,据日本富士新闻网：日本大阪新增创纪录的1654例新冠肺炎确诊病例。
341,,16:10,"【宝兰德：入围2020-2021央采中间件名单】8月10日，中央国家机关2021年中间件软件协议供货采购项目成交公告发布，本次项目分为两包，第一包为Web应用服务器中间件,第二包为消息中间件。宝兰德Web应用服务器中间件和消息中间件产品成功入围。"
343,,16:10,【中国人寿：前7月份保费收入约4689亿元】中国人寿公告，公司于2021年1月至7月期间，累计原保险保费收入约为4689亿元（未经审计）。
340,,16:14,新华保险(01336.HK)：于2021年1月1日至2021年7月31日期间累计原保险保费收入为人民币1099亿元。
339,,16:14,IEA月报：7月全球石油供应增加170万桶/日至9670万桶/日。
338,,16:14,印度将批准波音737 MAX客机复飞。
337,,16:15,据日本放送协会NHK：神奈川新增1807例新冠肺炎病例。
336,,16:15,【恒瑞医药：长效抗真菌药注射用HRS9432获批临床】恒瑞医药公告，公司子公司福建盛迪医药有限公司近日收到国家药监局核准签发关于注射用HRS9432的《药物临床试验批准通知书》，将于近期开展临床试验。截至目前，注射用HRS9432相关研发项目累计已投入研发费用约为1988万元。
335,,16:16,三孚股份：上半年净利1.48亿元，同比增299.80%。
334,,16:17,【农业农村部：到2025年建成一批现代化种养业良种生产基地】农业农村部联合印发《“十四五”现代种业提升工程建设规划》。《规划》提出，到2025年，建成一批现代化种养业良种生产基地，形成保、育、测、繁分工合作、紧密衔接的现代种业发展格局，实现基础强、体系强、科技强、企业强，全面提升种业现代化水平，为我国粮食安全和重要农产品有效供给提供有力保障。
333,,16:18,瑞士信贷：将eBay(EBAY.O)目标价从80美元上调至81美元。
332,,16:19,【珀莱雅：控股股东及高管拟减持公司股份】珀莱雅公告，公司控股股东侯军呈拟通过集中竞价方式减持不超过201.12万股，占公司总股本的1%。此外，公司副总经理金衍华、公司财务负责人王莉、公司副总经理、董秘张叶峰拟通过集中竞价交易方式分别减持不超过3.20万股、1.93万股、1.57万股。
330,,16:21,【宁波建工：4-6月新签合同额47.65亿元 同比减少5.09%】宁波建工公告，2021年4月至6月，公司及下属子公司新签合同470个，合同金额累计约47.65亿元，较上年同期减少5.09%。
331,,16:21,俄罗斯报告新增808例新冠肺炎死亡病例，创疫情以来新高。
328,,16:22,【英国涉华焊管反倾销措施过渡性审查终裁】2021年8月9日，英国政府发布焊管反倾销措施“过渡性审查”终裁公告，决定“维持”对华相关措施，自2021年1月30日起生效，有效期5年；同时将英国不生产的镀锌焊管从措施产品范围中排除。欧盟于2008年12月26日决定对原产自中国等国的焊管征收90.6%的反倾销税，并于2015年1月26日和2021年4月16日分别作出日落复审决定，继续维持该措施。
329,,16:22,【宏力达：半年度净利2.1亿元 同比增30.96%】宏力达发布2021年半年度报告，实现营业收入4.74亿元，同比增长18.31%；归属于上市公司股东的净利润2.10亿元，同比增长30.96%；归属于上市公司股东的扣除非经常性损益的净利润1.63亿元，同比增长3.59%；基本每股收益2.10元。
327,,16:24,德国勃兰登堡州经济部长表示，特斯拉CEO埃隆·马斯克明确表示，坚持超级工厂的计划是多么重要。
326,,16:26,IEA石油工业和市场部门主管Bosoni：欧佩克+供应协议对于平衡油市是必要的。
324,,16:27,【索通发展：预焙阳极生产线节能减排及提质增效改造项目通过验收】索通发展消息，中国有色金属工业协会近日组织专家对公司预焙阳极生产线节能减排及提质增效改造项目进行竣工验收。验收专家根据提供的资料对项目建设内容、指标达成情况进行了查验。经质询和讨论，验收专家认为公司完成了该项目的建设改造内容，达到了预期建设目标，验收专家一致同意项目通过验收。
323,,16:27,【海通证券：指数继续分化 市场反复后或现明确方向】海通证券指出，后市来说，前期表现强劲的板块无论是从行业景气度还是公司本身的业绩来说，都是比较向好的，短期的回调只是对于股价急涨的修正，我们仍然看好高景气赛道。在目前风格切换频繁的市场上，建议投资者要做好均衡配置和长期投资的准备，切勿追涨杀跌，需要提高风险意识，理性投资，进行多元配置。
325,,16:27,【中国人保：1-7月原保险保费收入为3753.71亿元】中国人保：1 月 1日至 2021 年 7 月 31 日经由本公司子公司中国人民财产保险股份有限公司、中国人民人寿保险股份有限公司及中国人民健康保险股份有限公司所获得的原保险保费收入分别为人民币 280060 百万元、人民币68203 百万元及人民币 27168 百万元。
322,,16:28,【中国信通院完成首款智能两轮车北斗认证测试】近日，中国信通院泰尔终端实验室完成首款智能两轮车北斗认证测试，联合中国北斗卫星导航产品检测认证联盟认证机构，为上海钧正网络科技有限公司（哈啰出行）的LTE CAT1智能助力车M18和LTE CAT1智能单车A55颁发了智能助力车、智能单车北斗认证证书。
321,,16:30,【45股股东户数连降3期以上 最多已降12期】统计显示，264家上市公司公布了截至8月10日最新股东户数，相比之前各期，有45股股东户数连续减少3期以上，股东户数最多已连降12期。股东户数连降期数较多的有陕国投Ａ、尤安设计等股。
320,,16:31,在岸人民币兑美元8月12日16:30收盘报6.4771，较上一交易日上涨99点。
319,,16:31,【禾望电气：储能相关产品销售占营收及利润比例很小】禾望电气公告，，公司关注到有市场媒体称公司涉及储能相关概念。公司的储能相关产品业务收入 2020 年度不足 300 万元人民币，储能相关产品销售占营收及利润比例很小，对公司业绩的影响可以忽略不计。
318,,16:34,【首商股份：并购重组事项获批 股票复牌】首商股份：王府井集团股份有限公司换股吸收合并公司并募集配套资金暨关联交易事项获得证监会并购重组委审核通过，公司股票复牌。
317,,16:35,【北京六火车站环境采样结果均为阴性】记者从北京铁路方面了解到，8月7日、8日，北京重点站区管委会组织专业核酸检测机构对北京站地区、北京西站地区、北京南站地区、北京北站地区、清河站地区、北京朝阳站地区共六个站区进行了环境采样，共选取旅客频繁接触的180个重点点位，结果均为阴性。8月份，重点站区计划开展两次全面环境采样工作。（中国新闻网）
316,,16:36,【张家界暂停市城区市场经营主体活动】湖南省张家界市新型冠状病毒感染肺炎疫情防控工作指挥部于11日发布通知，要求疫情防控期间暂停市城区市场经营主体活动。（新华社）
315,,16:37,【华正新材：上半年净利1.22亿元 同比增109%】华正新材披露2021年半年度报告，公司实现营业收入17.09亿元，同比增长80.37%；归属于上市公司股东的净利润1.22亿元，同比增长109%；归属于上市公司股东的扣除非经常性损益的净利润1.15亿元，同比增长143.06%；基本每股收益0.86元。
314,,16:37,港股万洲国际上半年营收133.3亿美元，同比增长6.8%。
313,,16:38,【西藏珠峰今日涨停，两机构合计买入4.16亿元】西藏珠峰今日涨停，两机构合计买入4.16亿元，沪股通买入1.99亿元并卖出1.63亿元。
311,,16:39,上交所：自8月16日起将中芯国际调出上证沪股通指数样本。
312,,16:39,【密封科技：正分阶段开展氢产业链中压缩机等相关零部件的开发工作】密封科技在互动平台表示，公司为超低温制冷氦气压缩机组研发了专用密封件，此类制冷机组可应用于储氢领域的氢气液化。公司正在按计划分阶段开展氢产业链中压缩机、隔膜泵以及氢燃料电池上相关零部件的开发工作。
310,,16:40,【常铝股份：向比亚迪供应的产品包括刀片电池壳、电池箔产品】常铝股份在互动平台表示，公司向比亚迪供应的产品包括刀片电池壳、电池箔产品；上述两种新产品在公司工业热交换业务板块中的比重相对较低。
309,,16:41,【小康股份：7月销量同比下降19.4%】小康股份公告，7月销量17810辆，同比下降19.4%；1-7月销量15.06万辆，同比增长13.65%。
308,,16:42,【昭衍新药：董事及一致行动人拟合计减持不超1.37%股份】昭衍新药公告，董事左从林、孙云霞、高大鹏、顾晓磊及其一致行动人顾美芳拟合计减持不超过1.37%。
307,,16:43,港股万洲国际公告，万隆先生已辞任行政总裁。
306,,16:44,【中证指数有限公司：9月3日发布中证证券公司债指数系列等12条指数】上海证券交易所和中证指数有限公司将于2021年9月3日正式发布中证证券公司债指数系列、上证证券公司债指数系列、中证绿色资产支持证券指数和中证交易所绿色资产支持证券指数，为债券投资提供更丰富的标的选择。
305,,16:45,【酒钢宏兴：上半年实现净利润19.46亿元】 酒钢宏兴公告，公司上半年实现净利润19.46亿元，去年同期亏损8288.36万元。
304,,16:47,【宁波韵升：金属镨钕的价格较一个月前涨幅已超三成】宁波韵升公告，主营业务为钕铁硼永磁材料，在钕铁硼业务的成本构成中，直接材料费用占比最大。自今年 7 月以来，公司生产使用的主要原材料价格持续走高，其中金属镨钕的价格较一个月前涨幅已超三成，其价格波动直接影响公司的生产成本。
303,,16:47,【桂东电力：拟出售广西永盛49%股权】桂东电力公告，为优化业务结构，加大新能源领域开发力度，公司拟向广西广投石化有限公司出售持有的全资子公司广西永盛石油化工有限公司49%股权，经双方友好协商，初步达成广投石化以现金方式购买公司持有的广西永盛49%股权的意向，双方将就此次交易开展进一步磋商，包括但不限于交易具体方案、资产定价等，并在交易相关方正式签署的交易协议中约定。
302,,16:48,高盛预计，由于对通胀的担忧推高需求，今年金价将突破狭窄的交易区间，因此将黄金的目标价定为2300美元。
301,,16:49,【高测股份：半年度净利7304.66万元 同比增128%】高测股份发布2021年半年度报告，实现营业收入5.96亿元，同比增长67.01%；归属于上市公司股东的净利润7304.66万元，同比增长128.29%；归属于上市公司股东的扣除非经常性损益的净利润6039.75万元，同比增长104.14%；基本每股收益0.45元。
300,,16:49,【龙虎榜：盐湖股份今日涨停 2机构专用席位卖出5.27亿元】盐湖股份今天涨停，成交额近160亿元，盘后数据显示，一机构专用席位买入1.65亿元，另有2个机构专用席位卖出5.27亿元。
299,,16:52,衡量欧元区长期通胀预期的关键市场指标升至1.7128%，为2018年8月以来最高水平。
298,,16:53,【北信源：中标中国移动终端安全软件集中采购项目第一名候选人】北信源：中标中国移动终端安全软件集中采购项目第一名候选人，中选份额：50%。
297,,16:54,百川股份今日大涨近5%创历史新高，成交额34亿元。盘后数据显示，2机构专用席位买入5074万元并卖出1.68亿元。
296,,16:54,美股区块链板块盘前走软。比特矿业(BTCM.N)跌5.3%，Marathon Patent(MARA.O)跌4.2%，Riot Blockchain(RIOT.O)、第九城市(NCTY.O)、嘉楠科技(CAN.O)跌超3%。
293,,16:56,双汇发展：上半年净利25.37亿元，同比下降16.57%。
295,,16:56,克明食品公告，上半年实现净利润4312万元，同比下降80.63%。
294,,16:56,【中原环保：联合体投建18.76亿元开发项目】中原环保公告，联合体投资建设洛阳市伊滨经开区（示范区）中央公园西轴城市综合开发项目，项目投资额预计18.76亿元。
290,,16:57,永太科技连续两日涨停，今日成交额19.14亿元，盘后数据显示，深股通专用席位买入0.83亿元并卖出1.4亿元。
291,,16:57,【陇神戎发：公司三种产品获吉尔吉斯斯坦卫生部签发备案许可】陇神戎发公告，公司3种产品消栓通络片、七味温阳胶囊和舒心宁片获得吉尔吉斯斯坦卫生部疾病预防和国家卫生与流行病学监测局签发的备案许可。
292,,16:57,Lordstown Motors(RIDE.O)盘前涨超6%，该公司仍计划在9月开始生产电动卡车，将在明年第一季度开始交付。
289,,16:58,【双汇发展：半年度净利润同比降16.57% 进口肉盈利下降】双汇发展披露半年度报告，公司2021年半年度实现营业收入为348.42亿元，同比下滑4.14%；归母净利润25.37亿元，同比下滑16.57%；基本每股收益0.73元。报告期内，公司肉类产品（含禽产品）总外销量158万吨，同比上升5.5%。利润下降主要原因是2020年冻品盈利基数较高、本期由于中外价差收窄进口肉盈利下降、员工及市场费用的投入增加等。
288,,16:58,【钢研高纳：半年度净利1.76亿元 同比增长98%】钢研高纳发布2021年半年度报告，实现营业收入8.30亿元，同比增长24.12%；归属于上市公司股东的净利润1.76亿元，同比增长98.19%；归属于上市公司股东的扣除非经常性损益后的净利润1.60亿元，同比增长70.49%；基本每股收益0.3750元。
287,,16:59,【宜通世纪：半年度净利2937.33万元 同比增61%】宜通世纪发布2021年半年度报告，实现营业收入10.51亿元，同比增长5.54%；归属于上市公司股东的净利润2937.33万元，同比增长60.90%；归属于上市公司股东的扣除非经常性损益后的净利润564.55万元，同比下降31.13%；基本每股收益0.03元。
286,,17:00,【ST天马：股东天马创投拟减持不超过5%】ST天马公告，持股12.35%股东天马创投拟减持不超过5%。
285,,17:02,俄罗斯国防部长绍伊古表示，目前的阿富汗局势比当年苏联军队从那里撤出后复杂得多。（卫星新闻）
284,,17:02,【券商'补血'遭遇烦恼，7成募资不足】今年以来，已有多家券商推出定增计划，其中长城证券、粤开证券释放出百亿定增预案。据统计，目前，已累计有7家券商按部就班推进定增，拟募资额合计超过600亿。实际上，从定增表现来看，券商定增发行情况并不是特别理想。多家证券公司定增募资达不到预期。根据Wind数据，2020年1月至今，以定增方式募资的券商中有7成出现“募不足”情况。（券商中国）
283,,17:03,【安必平：3723.16万股首发限售股8月20日解禁】安必平公告，公司此次上市流通的限售股份数量为3723.16万股，占公司总股本39.89%，上市流通日期为2021年8月20日；解禁类型为公司部分首次公开发行限售股。
282,,17:03,【三连板宁波韵升：7月以来公司生产使用的主要原材料价格持续走高】连续三日涨停的宁波韵升公告，自今年7月以来，公司生产使用的主要原材料价格持续走高，其中金属镨钕的价格较一个月前涨幅已超三成，其价格波动直接影响公司的生产成本。而国内目前尚无针对此类原材料价格波动的对冲机制，若公司未能有效的将原材料价格波动传导至下游客户的产品销售价格中，则公司的毛利率、盈利能力及财务状况将受到不利影响。
281,,17:04,新疆众和：上半年净利3.22亿元，同比增140.10%。
280,,17:05,长川科技披露向特定对象发行股票发行情况报告书：本次发行价格45.75元/股，募资总额3.7亿元，千合资本旗下基金合计获配6000万元。
278,,17:06,【贵航股份：上半年净利8618.86万元 同比增59.44%】贵航股份公布2021年半年度报告，公司上半年实现营业收入约11.999亿元，同比增长25.79%；归属于上市公司股东的净利润约8618.86万元，同比增长59.44%；归属于上市公司股东的扣除非经常性损益的净利润约7568.24万元，同比增长68.82%；基本每股收益0.21元。
279,,17:06,英国公平竞争及市场管理局：Facebook对动态图片公司Giphy的收购引发人们对市场竞争的担忧。暂时发现Facebook与Giphy的合并将不利于社交媒体平台之间的竞争。
277,,17:07,市场消息：8月6日-11日，李嘉诚基金会买入220万股长实集团(01113.HK)股票。
276,,17:08,【山东矿机：子公司拟不超过3亿元购地 扩充产能】山东矿机公告，子公司山东矿机华能装备制造有限公司拟以不超过3亿元的自有资金购买位于昌乐县宝城街道地使用权，用于扩建厂房，进一步扩充产能。子公司在后续拟用于扩建厂房的投资约为4-6亿元。
275,,17:10,【英派斯：与海尔云科技战略合作 共同打造家庭健身产品系列】英派斯公告，海尔云科技与公司签订了《战略合作协议》，双方拟从家庭、社区、园区和城市等场景切入，共同搭建开放的健康生态平台，共同打造家庭场景的运动健身产品系列，共同打造智慧健身社区标准产品方案。
274,,17:11,【盐湖提锂攻克技术难题 青海盐湖碳酸锂年产能超9万吨】中国最大的盐湖-察尔汗盐湖探明的氯化锂储量超过1200万吨左右，储量巨大。目前，蓝科锂业碳酸锂产量已提升到单日100吨，藏格锂业能达到单日30吨的产量，但是满负荷生产依然供不应求。而随着技术不断成熟，目前盐湖提锂行业的平均成本逐步降至3万元至6万元/吨，矿石提锂法则由于锂矿价格不断上涨，成本也与日俱增，已经接近6万元/吨，因此盐湖提锂产能正在快速壮大，企业纷纷扩产，青海盐湖碳酸锂产能达到年产9万吨以上。 (央视财经)
272,,17:12,【远东股份：上半年净利3.02亿元 同比增129%】远东股份公布2021年半年度报告，公司上半年实现营业收入约90.46亿元，同比增长14.45%；归属于上市公司股东的净利润约3.02亿元，同比增长129.25%；归属于上市公司股东的扣除非经常性损益的净利润约2.77亿元，同比增长149.05%；基本每股收益0.1360元。
273,,17:12,【罗平锌电半年报：上半年净利3312.7万元 同比增长122%】罗平锌电公告，上半年实现净利润3312.7万元，同比增长121.81%。
270,,17:13,【西太平洋银行：澳元兑美元料能守住0.73】受澳大利亚新增新冠肺炎确诊病例数高企、企业和消费者信心下滑拖累，本周大部分时间澳元兑美元持续走低。仓位调整有望帮助澳元兑美元AUD/USD守住0.73，但鉴于美元总体维持强势，澳大利亚依然实施疫情封锁措施，基本面利空澳元。考虑到美联储缩减购债规模的言论和美国就业人数不断增长，很难找到澳美继续上涨的理由。
271,,17:13,【双汇发展：董事会换届 万隆、郭丽军为候选人】双汇发展公告，董事会全票审议通过《关于公司董事会换届选举非独立董事的议案》，董事会同意提名万隆、万宏伟、郭丽军、马相杰为公司第八届董事会非独立董事候选人。双汇发展现非独立董事为万隆、万宏伟、焦树阁、马相杰。值得注意的是，万洲国际同日公告，万隆已辞任行政总裁，郭丽军已获委任为行政总裁。
269,,17:14,【上交所终止审核科惠医疗科创板上市申请】上交所披露，浙江科惠医疗器械股份有限公司因发行人撤回发行上市申请或者保荐人撤销保荐，上交所决定终止对其首次公开发行股票并在科创板上市的审核。
268,,17:15,【深交所开展专项检查 持续强化新股报价行为监管】近期，深交所关注到少数网下投资者在报价过程中出现改价频次多、改价幅度大、报价持续高度一致等异常情况，据此，再次联合中国证券业协会对相关9家网下投资者开展专项检查。检查对象包括6家私募基金管理人、1家基金公司、1家证券公司及1家财务公司。下一步，深交所将根据检查情况确定后续工作措施。
267,,17:16,【景旺电子：上半年净利4.62亿元 同比降3.23%】景旺电子公布2021年半年度报告，公司上半年实现营业收入约43.37亿元，同比增长38.16%；归属于上市公司股东的净利润约4.62亿元，同比下降3.23%；归属于上市公司股东的扣除非经常性损益的净利润约4.13亿元，同比下降3.49%；基本每股收益0.55元。
266,,17:18,【李永和引咎辞职后，俞永福接任阿里本地生活CEO】阿里巴巴旗下本地生活公司CEO李永和因其下属涉嫌“性侵丑闻”、而他本人也为此引咎辞职后，俞永福紧急接任了该职位。近2个月来，阿里巴巴旗下的本地生活公司频繁调整，从王磊、李永和到俞永福，已经连续换了三任CEO。据一位生活服务板块的员工透露，一个月前组织调整刚刚完成，生活服务业务板块诸多权责仍不明朗，仍处在内部人员调配和调整的阶段，各位高层和上一任CEO李永和的磨合还未完成，又迎来新的CEO，具体的人员调配又需从头再来。（36氪）
265,,17:18,康恩贝：董事会同意公司通过在浙江产权交易所以公开挂牌方式转让所持贵州拜特制药有限公司100%股权进行正式挂牌前的信息预披露，公开征集拟转让股权的潜在受让方。
264,,17:18,"【正帆科技：约1.4367亿股限售股将解禁】正帆科技发布首次公开发行部分限售股上市流通公告，此次战略配售股份数量为 469.7634万股，限售期为12个月，占公司总股本的1.83%。公司确认，上市流通数量为该限售期的全部战略配售股份数量。除战略配售股份外，此次上市流通的限售股份数量为138,975,793股，限售期为12个月，占公司总股本的54.18%。  此次上市流通日期为2021年8月20日。"
263,,17:18,【中原环保：18.76亿元联合投建城市综合开发项目】中原环保(000544)8月12日晚间公告，公司与洛阳市规划建筑设计研究院、五建城乡组成联合体，投资建设洛阳市伊滨经开区（示范区）中央公园西轴城市综合开发项目。项目投资预计18.76亿元。
262,,17:19,【明德生物：子公司近日取得22项医疗器械注册证】明德生物公告，公司全资子公司湖南明德医疗器械有限公司于近日取得了由湖南省药品监督管理局颁发的22项医疗器械注册证。
261,,17:19,金盾股份：预中标成都轨道交通19号线二期工程施工总承包项目消声器设备采购项目，预中标项目总金额为1890万元，占公司2020年度经审计营业收入的2.58%。
258,,17:20,宁波无症状感染者新冠病毒样本基因组序列测定结果为德尔塔变异株。（央视新闻）
260,,17:20,据港交所文件：8月9日，摩根大通对碧桂园服务(06098.HK)的多头头寸从4.64%上升至5.73%。
259,,17:20,【美媒：美国单日新增确诊病例近16万】根据美国《纽约时报》最新统计数据，美国当地时间11日新增新冠确诊病例155576例，新增死亡病例338例。截至11日，美国一周内的平均单日新增病例数超过12万例，达到124234例；平均死亡病例达552例。除此之外，美国近期新增新冠病例数再次出现激增，儿童感染案例明显增多。
257,,17:22,【西藏珠峰涨停 两机构合计买入4.17亿元】西藏珠峰今日涨停，全天成交38.18亿元。盘后龙虎榜数据显示，沪股通买入1.99亿元并卖出1.63亿元，两家机构席位合计买入4.17亿元。
256,,17:22,WTI原油期货短线拉升0.5美元，现报69.63美元/桶。
255,,17:22,【网传新东方转型培训父母，公司回应：消息有误会】8月12日，一则“新东方转型培训父母”的消息在网络流传。新东方相关负责人回应称，消息有误会。家庭教育是公司一直在做的，2008年就成立了家庭教育与指导中心，各个分校也都有家教中心部门，具体以官方通报为准。（中证报）
254,,17:24,荣盛石化：上半年实现净利润65.7亿元，同比增长104.69%。
253,,17:26,波音(BA.N)：将继续与全球监管机构合作，让波音 737-8和737-9飞机在全球范围内安全复飞。
252,,17:26,光华科技：与力神电池签署战略合作协议，在废旧电池回收处理、循环再造电池材料、退役电池梯级利用、后装焕能系统、电池管理系统开发等业务上开展合作。
251,,17:27,【涪陵电力披露定增结果：UBS AG、华安基金等参投】涪陵电力公布非公开发行A股股票发行情况报告书，确定此次发行价格为12.18元/股，发行股数1.48亿股，募集资金总额约17.97亿元。发行对象最终确定为15家。
248,,17:28,欧洲央行：银行没有使用隔夜贷款工具借入资金，存款8231.9亿欧元。
250,,17:28,上海市经济信息化委等部门印发关于《上海市北斗产业高质量发展三年行动计划（2021-2023年）》的通知。
249,,17:28,【荣盛石化：上半年净利同比增104.69%】荣盛石化8月12日晚间发布半年报，公司上半年营业收入844.16亿元，同比增长67.88%；净利润65.66亿元，同比增长104.69%。今年以来，全球经济共振复苏，下游需求显著回暖，原油-PX-PTA-聚酯及原油-化工品产业链景气度持续恢复，使得公司产业链的产品成本与产品价差有所扩大，盈利能力大幅提升。
247,,17:29,上期所公告，未收到“16蓝光MTN003”付息兑付资金。
246,,17:30,【五洲交通半年报：上半年净利4.02亿元 同比增长1032%】五洲交通发布2021年半年度报告，实现营业收入9.34亿元，同比增长16.82%；归属于上市公司股东的净利润4.02亿元，同比增长1032.04%；基本每股收益0.3575元。
245,,17:30,【北向资金今日净卖出1.78亿元】北向资金今日净卖出1.78亿元。格力电器、贵州茅台、恒瑞医药分别获净卖出7.56亿元、5.17亿元、4.23亿元。歌尔股份净买入额居首，金额为6.46亿元。
244,,17:32,小米集团：将于2021年8月25日（星期三）举行董事会会议，其中议程包括考虑及批准本公司及其附属公司截至2021年6月30日止六个月之未经审核综合中期业绩，及考虑派发中期股息（如有）。
242,,17:33,开滦股份：持股22.24%股东中国信达拟减持不超过2%。
243,,17:33,【宁波机场取消往返北京所有航班】因公共卫生事件原因，8月11日下午开始，宁波机场取消了所有往返北京的航班。12日下午，铁路宁波站发布消息称，近14天内到过国内疫情中高风险地区所在设区市（直辖市为所在区县）来、返宁波人员，即行程卡中带有“※”号的，如果在铁路宁波站出站，需第一时间前往南广场东侧临时核酸检测采样点进行免费核酸检测。
241,,17:34,中鼎股份：子公司AMK公司中国子公司安徽安美科近期收到通知，公司成为国内某新能源汽车头部品牌主机厂全新平台项目空气悬挂系统的空气供给单元总成产品的批量供应商。本次项目生命周期为4年，生命周期总金额约为2.95亿元。
240,,17:35,【瀚蓝环境：上半年净利润6.27亿元 同比增36%】瀚蓝环境披露半年度报告，公司2021年半年度实现营业收入45.51亿元，同比增长45.11%；净利润6.27亿元，同比增长36.02%；基本每股收益0.80元。
239,,17:37,【上交所：将于9月3日发布中证证券公司债指数系列等指数】 上交所公告称，上交所和中证指数有限公司将于2021年9月3日正式发布中证证券公司债指数系列、上证证券公司债指数系列、中证绿色资产支持证券指数和中证交易所绿色资产支持证券指数，为债券投资提供更丰富的标的选择。
238,,17:37,【罗普特：上半年净利增345.08%至902.77万元】罗普特公告，2021年半年度报告，公司上半年实现营业收入约1.25亿元，同比增长8.21%；归属于上市公司股东的净利润约902.77万元，同比增长345.08%；归属于上市公司股东的扣除非经常性损益的净利润为-408.85万元；基本每股收益0.05元。
237,,17:38,【宝信软件：与日本JFE商事川电钢板签署供应链管理系统合同】近日，宝信软件与日本JFE商事川电钢板正式签署了供应链管理系统合同，这是继去年宝信软件成功签约日本伊藤忠丸红商事加工供应链系统后，与日本JFE商事用户在加工供应链管理项目上的再次合作，标志着宝信软件钢材剪切加工供应链管理系统及PaaS云服务的成熟度与知名度已经得到了日系客户的认可。
236,,17:39,【孖展动态】综合券商资料，心玮医疗(06609.HK)最新录得176.78亿港元的孖展认购，根据公开发售部分集资1.13亿港元计算，目前已经获得155.6倍超额认购。当中，富途借出52.07亿港元，辉立借出31.2亿港元，华盛证券借出30亿港元，华泰国际借出19.14亿港元。
234,,17:43,【湖北省启动防汛III级应急响应】据湖北省应急管理厅获，鉴于强降雨仍在持续，湖北省防汛形势日趋严峻，湖北省防汛抗旱指挥部定于8月12日16时启动防汛III级应急响应。
235,,17:43,日本经济再生大臣西村康稔：将在必要时对扩大紧急情况作出反应。
233,,17:45,【造车新势力重庆新特汽车宣布完成A轮亿元级融资】重庆新特汽车董事总经理胡俊今日表示，重庆新特汽车已完成A轮融资，融资规模为亿元级，上海翮沐科技有限公司成为新特汽车新的投资人。天眼查APP显示，上海翮沐科技有限公司成立于2021年6月15日，注册资金100万，为自然人严佘贞全资控股。（财联社）
232,,17:46,国家体育总局办公厅消息，决定推迟举办第十四届全运会群众赛事活动。赛事活动恢复时间，另行通知。（央视新闻）
231,,17:46,【友阿股份：拟以4.98亿元收购邵阳友阿41.5%股权】友阿股份公告，基于对“邵阳友阿国际广场”发展前景的看好，同时为加强对邵阳友阿的控制力度，拟使用自有资金收购瑞阳地产持有的邵阳友阿41.5%股权，交易价格4.98亿元。此次交易完成后，公司将持有邵阳友阿92.5%股权。
230,,17:49,药明康德：上半年实现净利润26.75亿元，同比增长55.79%。
229,,17:49,【新研股份：子公司明日宇航拟获中航产投增资4亿元】新研股份公告，控股子公司明日宇航与中航产投签订《股权融资之合作意向框架协议》，中航产投拟向明日宇航增资人民币4亿元。明日宇航获得的该次股权投资资金将用于偿付供应商欠款、归还银行等机构借款和补充经营性流动资金等。
228,,17:50,交易员：印度将债券市场交易时间延长30分钟至当地时间下午4:00。
225,,17:51,百度第二季度经调整每ADS利润15.41元人民币。
226,,17:51,百度(BIDU.O)：预计第三季度营收306亿-335亿元人民币。
227,,17:51,百度第二季度营收314亿元人民币，市场预估309.2亿元人民币。
224,,17:52,【英力股份：入选第三批专精特新“小巨人”企业名单】英力股份公告，根据工业和信息化部中小企业局近日发布的《关于第三批专精特新“小巨人”企业名单的公示》，公司入选第三批专精特新“小巨人”企业名单。
222,,17:53,百度第二季度损失包括长期投资的31亿元人民币公允价值减值。
223,,17:53,【中环股份：1.02亿股限售股将于8月16日解禁上市】中环股份公布关于发行股份购买资产并募集配套资金暨关联交易部分限售股份上市流通的提示性公告，此次解除限售股份的数量为1.02亿股，占公司总股本的3.3596%。此次解除限售股份的上市流通日期为2021年8月16日。
221,,17:54,【严查违规行为 北京持续整治房地产市场秩序】北京市住建委12日通报，近日该部门接到媒体反映多个项目在销售过程中存在违规问题，立即会同相关区住建部门进行了执法检查，并向违规企业下达责令改正通知书，对问题严重的项目立即暂停网上签约。下一步北京将采取巡检暗访、重点检查等方式，对违法违规行为坚决予以打击治理。
220,,17:55,【东方雨虹：助力华星光电印度模组工程项目】东方雨虹消息，华星光电印度模组一期工程，位于印度东南沿海城市安德拉邦蒂鲁伯蒂，是中建八局在印度市场的“第一标”，也是华星光电布局海外制造的第一步。东方雨虹凭借品牌及产品优势，助力华星光电印度模组工程项目的防水工程。该项目防水采用东方雨虹PMT-3030增强型TPO产品，共计约4.5万平米。
219,,17:55,亿华通披露以简易程序向特定对象发行股票发行情况报告书：本次发行最终价格确定为235.02元/股，募资总额2亿元，其中UBS AG获配8500万元、北汽新动能获配7000万元、JPMorgan获配3000万元、Morgan Stanley获配1500万元。
218,,17:58,"亨通光电：参股公司洛克利通过SPAC合并的方式完成了与SC Health的商业合并，洛克利将于美国时间8月12日在纽约证券交易所上市；如按照SC Health在美国时间8月11日的收盘价15.84美元计算，公司持有的6,949,317股洛克利的价值为11,007.72万美元。"
217,,17:59,爱奇艺(IQ.O)：截至2021年6月30日，爱奇艺的总订阅会员人数为1.062亿，去年同期为1.049亿。
216,,18:00,【瑞声科技：三星Galaxy Z Fold 3首次搭载公司X轴线性马达】瑞声科技消息，8月12日，三星旗下两款折叠屏新机Galaxy Z Fold 3 、Galaxy Z Flip 3公开亮相。此次发布的三星Galaxy Z Fold 3，首次将之前使用的Z轴线性马达，换成瑞声科技X轴线性马达，为用户提供高品质的全新触感体验。
215,,18:02,爱奇艺美股盘前涨超4%，财报显示其二季度营收高于市场预估。
214,,18:04,【华金证券：新能源汽车有望继续保持超预期的高增长】 华金证券发布研报点评7月份汽车产销数据称，2021年7月汽车行业受芯片短缺和去年同期高基数影响，汽车产销同比下降，但降幅收窄。新能源车产销继续大幅跑赢行业，保持高增长，月销量稳定在20万辆以上，全年产销量大概率会再超预期。在政策支持以及供给驱动下，我国新能源车产业链逐渐成熟，多元化新能源车产品不断满足市场需求，新能源汽车有望继续保持超预期的高增长，全年产销量大概率会再超250万辆左右的市场预期，或达270万辆以上。（中证网）
213,,18:05,【安恒信息：公司及相关人员因信披违规收到警示函】安恒信息公告，公司及相关人员收到浙江证监局警示函。公司于2021年1月8日以1903.13万元受让沈阳爱和信投资有限公司所持有的杭州弗兰科信息安全科技有限公司10.57%的股权，并于2021年1月18日完成了工商变更登记。此次交易，公司未及时履行股东大会审议程序，也未及时履行信息披露义务，直至2021年3月21日才披露此次交易信息及召开临时股东大会审议的通知。
212,,18:05,国家网信办：7月全国受理网络违法和不良信息举报1685.6万件。
211,,18:06,【博敏电子：共青城浩翔累计减持390.33万股 减持实施完毕】博敏电子公告，截至公告披露日，公司股东共青城浩翔本次减持计划已实施完毕，在本次减持计划实施期间，共青城浩翔通过集中竞价交易方式累计减持390.33万股，占公司当前总股本的0.76%。
210,,18:06,爱奇艺：第二季度营收达76亿元，预期为74.3亿元；归属于公司的摊薄每ADS净亏损为1.75元。
209,,18:08,【应急管理部派工作组赴鄂协助抢险救灾工作】从应急管理部获悉，8月11日夜间至12日12时，湖北随州、襄阳、孝感等地出现暴雨到大暴雨，造成通信、电力中断，多人被困。应急管理部已派出工作组赴湖北指导抢险救灾工作。截至目前，湖北省消防救援总队已出动5支水域救援编队173名指战员、13艘舟艇开展救援。（央视新闻）
208,,18:09,【爱奇艺发布2021年二季度财报】爱奇艺发布2021年二季度财报。财报显示，该季度，爱奇艺营收76亿元，同比增长3%，市场预期74.61亿元；爱奇艺净亏损14亿元，与去年同期持平，市场预期调整后亏损15.1亿元。
206,,18:10,百度(BIDU.O)：百度已于本年度根据2020年股份回购计划回购5.66亿美元，自2020年起累计回购达25亿美元。
207,,18:10,【东方电气：获全国首台350MW超临界机组通流改造订单】近日，东方电气集团东方汽轮机有限公司收到来自河北建投任丘热电有限公司的350MW通流改造中标通知书，全国首台350MW超临界机组通流改造订单最终“花落东方”。
205,,18:12,丘钛科技在港交所公告称，7月摄像头模组销售数量合计3915.9万件，环比增长2%，同比增长23.8%；指纹识别模组销售数量合计892.9万件，环比下降12.9%，同比增长82%。
204,,18:14,【科创板上市委：春立医疗首发8月19日上会】科创板上市委：北京市春立正达医疗器械股份有限公司首发8月19日上会。
203,,18:15,【三峡水利：拟4亿元认购涪陵电力非公开发行股份】三峡水利公告，公司下属全资子公司电力投资公司以自有资金4亿元参与认购涪陵电力非公开发行股份。本次认购完成后，公司持有涪陵电力的股份比例为4.31%。
202,,18:15,阿曼财政部：阿曼今年到目前为止的国家预算赤字- 1.1086亿里亚尔。
201,,18:17,Benchmark：将eBay(EBAY.O)目标价从79美元上调至85美元。
200,,18:18,【禾望电气：公司储能相关产品销售占营收及利润比例很小】禾望电气披露股价异动公告，经公司自查，公司关注到有市场媒体称公司涉及储能相关概念。公司的储能相关产品业务收入2020年度不足300万元人民币，储能相关产品销售占营收及利润比例很小，对公司业绩的影响可以忽略不计。
199,,18:18,印度财政部长表示，今年前5个月流入印度的外国直接投资同比增长37%。
198,,18:20,【光大证券：碳中和推动能源转型 全球天然气需求显著提升】 光大证券发布研报称，“碳中和”推动能源转型，全球天然气需求显著提升。2021年随着疫情受到控制，经济及工业逐步恢复，带动天然气需求上升，预计2022年将完全恢复。同时，为了实现净零排放的目标，减少二氧化碳的排放，全球范围内对于绿色能源的需求不断提升。天然气作为最清洁的化石燃料之一，二氧化碳排放量比煤炭低近50%。推荐持续聚焦主业天然气、2021年一季度业绩实现高增长的标的。
197,,18:20,香港交易所将推出期货期权合约。
196,,18:21,【中基协：截至7月末存续私募基金管理规模18.99万亿元 环比增长6.15%】中基协公布的数据显示，截至2021年7月末，存续私募基金管理人24326家，较上月减少150家，环比下降0.61%；管理基金数量111775只，较上月增加2927只，环比增长2.69%；管理基金规模18.99万亿元，较上月增加11003.01亿元，环比增长6.15%。
195,,18:24,【阿里成立反职场陋习小组 无条件支持员工拒绝劝酒】 阿里巴巴集团公布了推动反性骚扰的机制化工作进展。这是女员工举报被侵害事件以来，阿里巴巴第二次公布进展。在强化组织保障方面，阿里巴巴集团成立工作环境委员会，作为反性骚扰在内的工作环境相关事项的处理决策机构，直接向董事会汇报。在制度层面，阿里将修订此前的《阿里巴巴集团商业行为准则》，完善反性骚扰、反性侵的相关内容。正在制定《阿里巴巴集团反性骚扰行为准则》，强化对性骚扰零容忍。
194,,18:25,【香港交易所将推出期货期权合约】香港交易所今天宣布，将会推出实物交收的恒生指数期货期权合约及恒生中国企业指数期货期权合约。这两只新产品将进一步丰富香港交易所的衍生产品组合，增加香港市场的深度和广度。新推出的两只期货期权合约将于2021年8月23日开始交易，为投资者提供更多交易及风险管理工具的选择。持有期货期权的投资者将可在有关期货合约结算前，于香港交易所的市场上拥有相应的期货仓位。
193,,18:27,"高伟电子(01415.HK)：截至2021年6月30日止六个月之收益达约297,629,000美元，较去年同期减少约3.2%；本公司拥有人应占净利润约为22,502,000美元，而去年同期约为28,164,000美元；每股盈利为2.7美分，而去年同期为3.4美分。"
192,,18:28,特斯拉CEO马斯克：特斯拉上半年生产的汽车主要用于出口，下半年则面向国内市场。
191,,18:29,【创业板上市委：何氏眼科等三公司首发8月19日上会】创业板上市委公告，辽宁何氏眼科医院集团股份有限公司、安徽铜冠铜箔集团股份有限公司、广州凡拓数字创意科技股份有限公司首发8月19日上会。
190,,18:29,马斯克：正如公开披露的，我们在某些“标准”汽车芯片方面面临供应链的限制。
189,,18:30,Tim Hortons中国据悉接近与Silver Crest合并，合并后估值约18亿美元。
188,,18:31,纳指期货涨0.10%，道指期货跌0.03%，标普500指数期货涨0.02%。
187,,18:33,【伊朗新增确诊超3.9万例 累计确诊逾432万例】据伊朗卫生部12日公布的最新数据，伊朗新冠肺炎确诊病例升至4320266例。在过去24小时内，伊朗新增确诊病例39049例；新增死亡病例568例，累计死亡病例达96215例。
186,,18:34,【中南建设收监管函：因前期未披露2021年合同销售金额相关经营预测信息】中南建设公告，深交所下发监管函，因公司在2020年度业绩说明会上称，预计公司2021年合同销售金额达到2500亿元左右，合同销售金额增长可超过10%。公司前期未披露前述经营预测信息，且4月28日披露的《2021年4月27日投资者关系活动记录表》显示，公司业绩说明会主要交流内容为2020年年度报告等相关信息，亦未提及前述经营预测信息。
185,,18:36,【王府井：吸收合并事项获证监会审核通过 明日复牌】王府井公告，公司换股吸收合并首商股份并募集配套资金事项获得证监会审核通过。公司股票8月13日起复牌。
184,,18:37,【农业农村部部署秋粮作物重大病虫害防控工作】今日，农业农村部召开视频会，对秋粮作物重大病虫害防控工作进行再动员再部署，要求各地迅速行动起来，坚决打好防控攻坚战，实现“虫口夺粮” 保丰收。会议分析，当前重大病虫害发生基数偏高、下阶段气象条件有利，预计8-9月，水稻“两迁”害虫、草地贪夜蛾、草地螟、稻瘟病、马铃薯晚疫病等迁飞性流行性病虫害的中等偏重发生，防控任务艰巨。
183,,18:38,【中国石油成立首家废旧油管再制造工厂】据中国电力报今日报道，辽河油田资源利用有限公司再制造基地厂房内，大型设备高效运行，正在对废旧油管进行专业化油管再制造。这是中国石油第一家废旧油管再制造工厂，年油管再制造能力超2万吨，预计年创收1亿元。
182,,18:41,印度财长：由于新冠肺炎，印度需要保持高赤字； 财政赤字将在预算限额内。
181,,18:42,德意志银行：将Dish Network(DISH.O)目标价从68美元上调至77美元。
180,,18:43,【海南自贸港首架“零关税”飞机通关】海南自贸港首架“零关税”进口直升机在海口港海关通关放行。从海口海关了解到，此架直升机由海南海直通用航空有限公司进口，货值401.8万元，减免税款61.3万元。这标志着海南自由贸易港“零关税”进口商品实现海陆空全覆盖。
179,,18:45,【凯乐科技：目前新增供应商逾期供货合同金额6.35亿元】凯乐科技公告，经公司自查，目前新增供应商逾期供货合同金额6.35亿元、新增冻结银行账户金额 0.16亿元、新增持有子公司股权被申请财产保全数额4.33亿元。截至目前，公司累计供应商逾期供货合同45.14亿元、累计冻结银行账户金额4.7亿元、公司累计持有子公司股权被申请财产保全数额6.54亿元。
178,,18:46,【中共中央办公厅、国务院办公厅印发《关于进一步加强非物质文化遗产保护工作的意见》】意见提出，到2025年，非物质文化遗产代表性项目得到有效保护，工作制度科学规范、运行有效，人民群众对非物质文化遗产的参与感、获得感、认同感显著增强，非物质文化遗产服务当代、造福人民的作用进一步发挥。到2035年，非物质文化遗产得到全面有效保护，传承活力明显增强，工作制度更加完善，传承体系更加健全，保护理念进一步深入人心，国际影响力显著提升，在推动经济社会可持续发展和服务国家重大战略中的作用更加彰显。（新华网）
177,,18:48,【俄罗斯央行第一副行长：购买比特币就像进入雷区，存在巨大亏损风险】俄罗斯中央银行第一副行长Sergei Shvetsov在周三接受采访时表达该行对加密货币投资的担忧，并警告投资者可能存在亏损风险。Shvetsov表示，当地投资者越来越多地将资金投入他称之为“科技金融金字塔”的替代金融工具，并表示比特币只是此类金字塔计划之一。他表示，许多散户投资者期望从加密货币投资中获得巨大回报，并出售持有的房地产或贷款以投资比特币，尽管他们面临着“巨大”的资金损失风险。
176,,18:48,五天三板西藏珠峰：公司旗下在阿根廷的锂盐湖资源尚未进入生产阶段，未来能否投产并盈利尚存在重大不确定性。
175,,18:49,四连板四方股份：公司历年来储能业务收入占年度营业收入比重不超过2.5%，2020年度储能业务收入占营业收入比重不超过1%，占比很小，且订单的交付和实施受客户要求、项目进度等不确定因素影响，对公司短期业绩影响不大。
174,,18:50,欧佩克月报：将2022年对欧佩克的原油需求预期下调110万桶/日。
173,,18:51,欧佩克月报：欧佩克预计2022年下半年石油市场仍将收紧。
172,,18:51,【双星新材：目前产线满产满销 排产在3个月以上】双星新材在互动平台表示，公司目前产线满产满销，排产在3个月以上，并且新订单不断增加。
171,,18:54,【二连板中天科技：2020年度储能业务实现营业收入占公司整体营业收入比例为1.43%】中天科技公告，2020年度储能业务实现营业收入占公司整体营业收入比例为1.43%，2021年一季度储能业务实现营业收入占公司整体营业收入比例为0.64%。当前，储能业务占公司整体营业收入比例较小，若行业整体出现景气度下滑等，存在项目效益不达预期的风险。
170,,18:54,欧佩克月报：6月经合组织石油库存下降2300万桶，至29.2亿桶。
169,,18:55,兰石重装：拟筹划以现金方式收购中核嘉华55%股份，本次交易尚处于筹划阶段，交易方案仍需进一步论证和沟通协商。
168,,18:56,【中国铁建：在俄罗斯连签三单 金额合计约13亿元人民币】中国铁建消息，近日，中国铁建在俄罗斯连签三单，分别签约米丘林地铁上盖项目设计施工总承包合同、航空发动机站地铁上盖施工承包合同、伊尔库兹克石油公司化工厂基建工程项目一期施工承包合同，签约项目金额合计近150亿卢布，约合13亿元人民币。
167,,18:56,欧佩克月报：据二手资料显示，7月沙特原油产量增加49.7万桶/日。
166,,18:57,上交所将中芯国际调出沪股通指数样本，与沪股通标的保持一致，不影响任何投资交易。
164,,18:59,欧佩克月报：欧佩克+7月减产执行率为110%，俄罗斯减产执行率为95%。
165,,18:59,长和(00001.HK)：于2021年8月12日耗资1978.49万港元回购34.1万股，回购价格每股57.55-58.1港元。
163,,19:00,欧盟方面表示。已有65%的成年人接受了新冠疫苗完全接种。
162,,19:03,【欧佩克月报四大看点】①欧佩克日产量：欧佩克7月原油产量增加63.7万桶/日至2665.7万桶/日；②中国石油制品净进口（变化）：中国石油制品净进口较上轮统计减少14万桶/日至966万桶/日；③印度石油制品净进口（变化）：印度石油制品净进口较上轮统计减少1万桶/日至350万桶/日；④美国石油制品净进口（变化）：美国石油制品净进口较上轮统计增加38万桶/日至78万桶/日。
161,,19:05,【证监会：中材国际、江苏新能发行股份购买资产事项8月18日上会】证监会公告，中国中材国际工程股份有限公司、江苏省新能源开发股份有限公司发行股份购买资产事项8月18日上会。
160,,19:06,美元兑土耳其里拉USD/TRY短线走低，现报8.5586。
158,,19:07,Palantir(PLTR.N)：第二季度调整后每股盈利0.04美元。预计第三季度营收3.85亿美元。
157,,19:07,【证监会：华尔泰首发获通过】证监会公告，安徽华尔泰化工股份有限公司首发获通过。
159,,19:07,【绿岛风：拟投建通风系统科创产业基地】绿岛风公告，公司计划投资建设绿岛风通风系统科创产业基地项目，主要为建设新风类产品研发中心以及年产15万台新风类产品生产基地，投资总额约为3.53亿元。项目建成投产后，预计每年可形成营业收入2亿元。
156,,19:08,【新东方回应培训家长 客服：后期要开设，目前在还等通知】近日，多家媒体报道北京新东方成立素质教育成长中心，其中下设“优质父母智慧馆”转型培训父母一事引发热议。8月12日，记者就“优质父母智慧馆”落实情况致电北京新东方官方客服，客服表示：“后期应该会开设相关课程，但现在并未接到开团通知。”新东方素质成长中心的老师表示，父母课程内容是与与孩子交流、沟通相关的，例如如何处理孩子敏感期，如何与孩子更好沟通等，但该课程暂时未开团。（贝壳财经）
155,,19:09,中国电信：本次网上投资者未缴款认购金额为8578.45万元。
154,,19:10,【赢时胜半年报：上半年净利1.94亿元 同比增280%】赢时胜发布半年报，上半年营业收入4.46亿元，同比增长19.04%；净利润1.94亿元，同比增长280.12%；基本每股收益0.2576元。
153,,19:11,【奥联电子：刘军胜等拟减持不超4%股份】奥联电子公告，持股比例21.73%的股东刘军胜及其一致行动人刘爱群，计划6个月内，以集中竞价方式、大宗交易方式及法律法规允许的其他方式减持本公司股份不超过640万股，即不超过公司股份总数的4.00%。
151,,19:11,立方制药：盐酸曲美他嗪缓释片取得药品注册证书。
152,,19:11,【57股获机构买入型评级 欧派家居关注度最高】统计显示，57只个股今日获机构买入型评级。其中，欧派家居关注度最高，共获6次机构买入型评级记录。从机构评级变动看，今日机构买入型评级记录中，有19条评级记录为机构首次关注，涉及TCL科技、百龙创园等17只个股。
150,,19:15,【机构分析：欧佩克月报公布后，油价小幅下跌】尽管欧佩克没有对其需求预测做出任何改变，还小幅上调了全球增长预测，但它大幅上调了非欧佩克国家的供应增长预测，再加上此前国际能源署（IEA）下调了对石油需求的预期，周四的IEA月报和欧佩克月报勾勒出了一幅石油市场不像几周前预测的那么吃紧的图景。尽管今年市场仍将略微供给不足，但2022年供应的增加可能会再次导致市场供过于求。
149,,19:16,华北制药：主动撤回重组人源抗狂犬病毒单抗注射液（500 IU/瓶）药品注册申请。
148,,19:16,龙大肉食：7月份销售生猪3.58万头，环比增加62.73%，同比增加2.29%；7月份实现销售收入0.78亿元，环比增加69.57%，同比减少37.10%。
147,,19:17,承德露露：上半年实现净利润2.8亿元，同比增长39.52%。
146,,19:17,辉瑞(PFE.N)：基因疗法VTX-801获美国食品药品监督管理局授予快速通道资格。
145,,19:18,【正丹股份半年报：上半年净利6162万元 同比增706%】正丹股份发布半年报，上半年营业收入8.15亿元，同比增长44.02%；净利润6161.67万元，同比增长705.57%；基本每股收益0.13元。
142,,19:19,【通裕重工半年报：上半年净利2.02亿元 同比增10%】通裕重工发布半年报，上半年营业收入28.73亿元，同比增长15.14%；净利润2.02亿元，同比增长10.18%；基本每股收益0.05元。
144,,19:19,【星辉娱乐：下半年游戏新品储备丰富 产品涵盖二次元等多种类型】星辉娱乐在接受机构调研时表示，2021下半年公司游戏新品储备丰富，包括电影式都市奇幻冒险手游《拾光梦行》、歌剧世界少女养成手游《纯白和弦》、东方玄幻MMORPG手游《幻世九歌》等，产品涵盖MMORPG、SLG、二次元等多种类型。
143,,19:19,英杰电气：连续12个月与晶盛公司签订多份日常经营性合同，合同金额累计已达2.22亿元。
141,,19:20,【峨眉山A：半年度同比扭亏为盈 进山人数同比增长180%】峨眉山A披露半年度报告，公司2021年半年度实现营业收入为3.46亿元，同比增长112.99%；实现归母净利润3468.11万元，同比扭亏；基本每股收益0.07元。截止2021年6月30日，公司实现进山人数145.86万人次，同比增长180.38%。
140,,19:21,【华尔街英语将破产，线下门店陆续关闭】华尔街英语北区销售负责人通知各中心分校校长，公司将于下周宣布破产，并要求通知员工尽快办理离职手续。对于最后坚守的员工，目前公司尚未给出具体的赔偿方案。（一财）
139,,19:21,【利德曼半年报：上半年净利润1356.41万元 同比扭亏为盈】利德曼发布2021年半年度报告，实现营业收入2.46亿元，同比增长39.39%；归属于上市公司股东的净利润1356.41万元，上年同期为-595.76万元；归属于上市公司股东的扣除非经常性损益后的净利润1142.96万元；基本每股收益0.0325元。
138,,19:22,【天银机电：拟收购天兵电子不高于45.28%股权】天银机电公告，公司拟通过支付现金的方式收购管理团队合计持有的天兵电子合计不高于45.28%的股权，同时管理团队同意协助公司与持有天兵电子的其他股东进行沟通，努力实现公司收购管理团队及其他股东持有目标公司合计不低于51%的股份，以实现对标的公司的控股和管理。
137,,19:23,【雷曼光电半年报：上半年净利润2039.83万元 同比增长259.92%】雷曼光电公布2021年半年度报告，公司上半年实现营业收入约5.68亿元，同比增长44.51%；归属于上市公司股东的净利润约2039.83万元，同比增长259.92%；归属于上市公司股东的扣除非经常性损益的净利润约1600.09万元；基本每股收益0.06元。
136,,19:23,【湖北能源：1-7月累计发电量同比增长19.53%】湖北能源公告，1-7月公司所属各发电企业累计完成发电量232.16亿千瓦时，同比增长19.53%；公司所属湖北省天然气发展有限公司完成天然气销售量14.37亿立方米，较去年同期增长31.47%；公司所属湖北省煤炭投资开发有限公司完成煤炭销售量1020万吨，较去年同期增长180.99%。
133,,19:24,【德生科技半年报：上半年净利润2569.43万元 同比增长47.50%】德生科技公布2021年半年度报告，公司上半年实现营业收入约2.84亿元，同比增长41.97%；归属于上市公司股东的净利润约2569.43万元，同比增长47.50%；归属于上市公司股东的扣除非经常性损益的净利润约2330.495万元，同比增长45.24%；基本每股收益0.1280元。
135,,19:24,【三花智控：公司已基本覆盖全球知名新能源车企】三花智控在业绩说明会上表示，全球知名新能源车企，公司已基本覆盖，公司已拿到大众、戴姆勒、宝马、沃尔沃、奥迪、PSA、通用等新能源车平台订单，国内主要有吉利、比亚迪、蔚来、理想、小鹏、上汽等，主要配套了阀、泵及换热器等大类产品。组件占比持续提升，得益于与主机厂高度融合的合作模式。
134,,19:24,【蓝焰控股：中国信达拟减持不超2%公司股份】蓝焰控股公告，持股7.02%的股东中国信达计划在自公告发布之日起十五个交易日后的六个月内，以集中竞价方式减持公司股份不超过1935万股（约占公司总股本比例2%）。
132,,19:25,"【神火股份股价异动：近期大宗商品价格大幅上涨】神火股份8月12日披露股票交易异常波动公告：公司关注到近期大宗商品价格大幅上涨，上海期货交易所沪铝主力合约最高价已达到20,000.00元/吨以上，铝锭为公司的主要产品，其价格和公司业绩密切相关，请广大投资者理性投资，注意风险。"
131,,19:26,富国银行：将英伟达(NVDA.O)目标机从219美元上调至245美元。
130,,19:26,【全球90%耳机产自中国 TWS耳机年出货量或超3亿副】中国是耳机生产大国，全球约有90%的耳机产自中国。数据显示，2020年全球TWS耳机出货量为2.33亿副，同比增长85%，2021年TWS耳机的出货量预计将达到3.1亿副。消费端需求持续上升，但生产端，企业今年以来经历了“缺芯少料”的困境。不过眼下，随着芯片产能逐步释放，供货正在恢复，下个月将有一大批芯片到厂，旺季生产缺“芯”的压力将有所缓解。（央视财经）
129,,19:27,【湖南黄金：三级子公司恢复生产】湖南黄金公告，三级全资子公司湖南安化渣滓溪矿业有限公司于2021年8月12日恢复生产。本次停产预计减少公司当期净利润约850万元。
128,,19:27,【泰永长征半年报：上半年净利润4570.22万元 同比增长25.58%】泰永长征公布2021年半年度报告，公司上半年实现营业收入4.36亿元，同比增长32.49%；归属于上市公司股东的净利润4570.22万元，同比增长25.58%；归属于上市公司股东的扣除非经常性损益的净利润4342.37万元，同比增长39.39%；基本每股收益0.2034元。
127,,19:27,【三湘印象半年报：上半年净利2亿元 同比增169%】三湘印象发布半年报，上半年营业收入26.2亿元，同比增长430.04%；净利润2亿元，同比增长169.19%；基本每股收益0.17元。
126,,19:28,【易事特：光储充一体化业务占公司总体业务份额较低】易事特发布股价异动公告，近期市场对公司涉及的光储充一体化业务关注度较高，公司该类业务2020年实现销售收入收入占当期营业收入2.53%，2021年第一季度实现销售收入占当期营业收入2.55%，该类业务占公司总体业务份额较低。
125,,19:28,【上海市消保委：15款网红冷饮检出反式脂肪酸】过多摄入反式脂肪酸可使血液胆固醇增高，从而增加心血管疾病发生的危险。据上海市消保委12日消息，对16款网红冷饮进行比较试验发现，1款样品未检出反式脂肪酸，其余15款样品的反式脂肪酸实测值在0.038-0.39g/100g之间，其中2款样品反式脂肪酸实测值超过0.3g/100g。
124,,19:29,【创业板上市委：亨迪药业、鑫甬生物首发获通过】创业板上市委公告，湖北亨迪药业股份有限公司、浙江鑫甬生物化工股份有限公司首发获通过。另外，丝路视觉科技股份有限公司向不特定对象发行可转债获通过。
122,,19:30,【华辰装备半年报：上半年6384.37万元 同比扭亏为盈】华辰装备发布2021年半年度报告，实现营业收入2.51亿元，同比增长503.48%；归属于上市公司股东的净利润6384.37万元，上年同期为-919.43万元(调整后)；归属于上市公司股东的扣除非经常性损益后的净利润5617.22万元；基本每股收益0.41元。
123,,19:30,【华测导航半年报：上半年净利1亿元 同比增105%】华测导航发布半年报，上半年营业收入8.54亿元，同比增长78.24%；净利润1.09亿元，同比增长104.64%；基本每股收益0.3217元
121,,19:31,俄罗斯联邦农业部农产品出口发展中心负责人表示，中国市场的行情对世界市场有着决定性的影响，而且这种情况在未来几年还将持续下去。（卫星新闻）
120,,19:31,【*ST圣亚澄清：相关市场传闻不属实】*ST圣亚公告，近日，网络传闻辽宁百诚物联科技有限公司欲对星海湾投资持有的公司24.03%的股权进行重组。经核实，上述传闻并不属实。
119,,19:32,【中国移动：5G建设高峰至2022年 全面推进回A股】在被问到A股上市进展时，中国移动董事长杨杰在8月12日业绩财报会上表示。“我们是红筹，流程相对要复杂一点。我们下半年全面推进，如果胜利的话，预计今年能够顺利完成。”杨杰称，5G网络建设是中国移动此次募资的主要用途之一。2020年到2022年是5G投资的高峰期。根据规划，中国移动今年5G资本开支为1100亿元，今年上半年完成502亿元。 (第一财经)
118,,19:32,【华侨城A：1-7月合同销售金额同比增长12%】华侨城A公告，7月份公司实现合同销售面积27.36万平方米，合同销售金额51.15亿元；1-7月份公司累计实现合同销售面积253.2万平方米，较上年同期增长34%；合同销售金额498.53亿元，较上年同期增长12%。
117,,19:33,美、布两油期货短线下跌0.3美元，现分别报68.81美元/桶和71.14美元/桶。
116,,19:34,【高新发展：拟出让倍特期货控股权】高新发展公告，公司、公司控股子公司倍特投资拟和高投资管同时向成都交子金控集团，以非公开协议方式转让持有的倍特期货部分股权。股权转让后，成都交子金控集团将获得倍特期货控制权。交易各方就此达成意向性协议。高新发展表示，控股子公司倍特期货与国内第一梯队的期货公司存在较大差距，缺乏竞争力。
115,,19:34,【8月12日新闻联播要闻精选】今日新闻联播或涉及资本市场的内容：1、中共中央办公厅 国务院办公厅印发《关于进一步加强非物质文化遗产保护工作的意见》；2、技术改造促制造业加快提档升级；3、7月份全社会用电量同比增长12.8%；4、工信部加强智能网联汽车生产企业及产品准入管理；5、上半年保险业赔款与给付支出7531亿元；6、四川天府新区重大项目今天集中开工；7、全球新冠肺炎确诊病例超2.0394亿例。
114,,19:36,8月12日，荣耀CEO赵明宣布，荣耀50拿下7月2000-4000元价位段第一，周销市场份额回到14.6%。
113,,19:37,宁德时代：拟定增募资不超582亿元，在扣除发行费用后拟全部用于福鼎时代锂离子电池生产基地等项目。
112,,19:37,【宁德时代拟定增募资582亿元】宁德时代披露定增方案，募集资金总额不超过582亿元。
111,,19:40,【吉大通信：与吉林大学威海仿生研究院签订战略合作协议】吉大通信公告，与吉林大学威海仿生研究院签订战略合作协议。
110,,19:42,"迅雷(XNET.O)：第二季度Non-GAAP净利润130万美元；云计算及其他互联网增值服务营收为2,890万美元，环比上升5.8%；会员业务营收为2,270万美元，环比上升3.0%；会员用户数约为396万，每会员平均营收为36.9元人民币。"
109,,19:43,【兴蓉环境半年报：上半年净利7亿元 同比增6.76%】兴蓉环境发布半年报，上半年营业收入27.77亿元，同比增长18.92%；净利润7.08亿元，同比增长6.76%；基本每股收益0.2384元。
108,,19:45,【贝肯能源半年报：上半年净利润2748.03万元 同比下降13.65%】贝肯能源公布2021年半年度报告，公司上半年实现营业收入约4.34亿元，同比下降1.67%；归属于上市公司股东的净利润约2748.03万元，同比下降13.65%；归属于上市公司股东的扣除非经常性损益的净利润约2593.88万元，同比下降13.42%；基本每股收益0.14元。
107,,19:46,【海星股份：大宗商品铝的价格波动，可能对业绩带来一定负面影响】海星股份披露股票交易异常波动公告：公司原材料为高纯度电子光箔，其价格受大宗商品铝的价格影响，若大宗商品铝的价格出现波动，可能会对公司的经营业绩带来一定的负面影响。
106,,19:48,美国白宫：美国副总统哈里斯周四将会见微软、ETSY、AIRBNB和其他四家公司的代表，就总统拜登的议程进行讨论。
105,,19:50,【华阳股份股价异动：钠离子电池正极材料项目和负极材料项目尚未投产】华阳股份披露股票交易异常波动公告：公司钠离子电池正极材料项目和负极材料项目尚未投产，该路线是否能成功商业化，项目何时能顺利投产并实现盈利，均存在较大不确定性。
104,,19:50,美国国家飓风中心：“FRED”热带低气压目前在古巴东部和巴哈马群岛东南部之间移动，伊斯帕尼奥拉岛部分地区继续下暴雨。
103,,19:51,【荣耀Magic3正式发布：搭载骁龙888 Plus芯片】荣耀CEO赵明正式发布荣耀2021年旗舰机Magic3。这款新机搭载高通骁龙888 Plus 5G SoC芯片，6.76英寸柔性OLED屏幕，120Hz高刷，正面采用89°超曲屏真10.7亿色。
102,,19:53,【宏桥高科计划在全球范围内投资并参与加密货币挖矿】据美联社报道，宏桥高科(PBTS.O)宣布计划在全球范围内投资并参与包括比特币、以太坊在内的加密货币挖矿业务，为此已组建完成一支由加密货币和技术行业资深人士组成的团队。 Power bridge总裁兼首席财务官StewartLor表示，Power bridge对加密货币市场的前景持乐观态度，参与加密货币挖矿是Power bridge整体区块链战略的重要组成部分，将在全球范围内不断建立基于清洁能源的BTC和ETH挖矿网络。
101,,19:55,【金辰股份：光伏异质结高效电池片用PECVD设备项目仍然处于研发测试阶段】金辰股份披露股票交易异常波动公告：目前公司非公开发行股票募投项目光伏异质结（HJT）高效电池片用PECVD设备项目仍然处于研发测试阶段，测试结果尚不确定，后续能否产生批量订单以及能否量产尚存在不确定性。
100,,19:57,【中国宝安：拟发行不超10亿元公司债券(第一期)】中国宝安公告，本期债券发行规模为不超过人民币10.00亿元，每张面值为100元，发行数量为1000.00万张，发行价格为人民币100元/张。期限为3年期。本期债券的询价区间为6.30%至7.30%。
99,,19:57,摩根士丹利：将美光科技(MU.O)目标价从105美元下调至75美元，评级下调至与大市持平。
98,,19:59,【我国首个自主知识产权乙烷制乙烯项目首批聚乙烯产品供应市场】8月10日，中国石油兰州石化榆林80万吨乙烷制乙烯项目首批96吨高密度聚乙烯产品供应市场，标志着我国首个自主知识产权乙烷制乙烯项目顺利生产出具有市场竞争力的聚乙烯产品。（澎湃）
97,,20:00,美国地质勘探局：马兰戈所罗门群岛西南11公里处发生5.0级地震。
96,,20:00,上海黄金交易所黄金T+D 8月12日（周四）晚盘盘初上涨0.09%报365.66元/克；上海黄金交易所白银T+D 8月12日（周四）晚盘盘初下跌0.36%报5026.0元/千克。
95,,20:00,【高澜股份：储能方面已签署订单约1100万元】高澜股份在接受机构调研时表示，公司在新能源汽车整车热管理、信息与通信（ICT）热管理、储能电池热管理等重点领域持续投入资源，进行技术储备和产品研发，已实现相关产品的样件及小批量供货，储能方面已签署的订单约1100万元。
94,,20:04,【天源迪科半年报：上半年净利润4282.49万元 同比下降29.43%】天源迪科公布2021年半年度报告，公司上半年实现营业收入约23.77亿元，同比增长25.07%；归属于上市公司股东的净利润约4282.49万元，同比下降29.43%；归属于上市公司股东的扣除非经常性损益的净利润约2719.35万元，同比下降43.70%；基本每股收益0.0672元。
93,,20:05,【通裕重工：拟投建高端装备核心部件节能节材工艺及装备提升项目】通裕重工公告，公司拟在现有产业园厂区(位于山东省德州高新技术产业开发区)投资建设多功能超重型模锻挤压机及配套高温加热炉、装取料机等配套设备及配套公用设施。该项目计划总投资7.636亿元，建设期为2年。经测算，该项目新增投资所得税后内部收益率16.21%。所得税后投资回收期7.77年。
92,,20:07,【四川25个重大项目集中开工 总投资407.8亿元】8月12日，四川天府新区2021年第三季度重大项目集中开工仪式举行。此次集中开工项目共计25个，总投资407.8亿元，聚焦完善产业生态、提升城市功能，将为进一步丰富城市战略功能提供强大支撑。
91,,20:08,Nikola(NKLA.O)：获得美国能源部约200万美元的拨款，以推进公司对自动补充燃料技术的研究。
90,,20:12,【全球ETF资产达到9万亿美元】晨星公司(Morningstar)公布数据，今年前七个月投资者向交易所交易基金(ETF)投入了7050亿美元，2021年全球ETF投资总额达到创纪录的9.1万亿美元。
89,,20:13,三联虹普：与浙江能源集团签署战略合作框架协议，双方合作主要内容包括共同探索和拓展低碳场景的创新应用；共同探索在塑料循环利用领域开展项目合作投资，推动国内食品接触材料的规范回收和安全使用标准，推进食品接触材料可持续发展；共同布局能源相关高端制造业有关的高性能材料、新材料生产工艺技术等。
88,,20:13,Palantir(PLTR.N)盘前涨幅扩大至10%，第二季度营收好于市场预期。
87,,20:16,【华西证券：半年度净利润9.3亿元 同比增0.81%】华西证券披露半年度报告，公司2021年半年度实现营业收入为25.08亿元，同比增长19.79%；归母净利润9.3亿元，同比增长0.81%；基本每股收益0.35元。本报告期，公司代理买卖证券业务净收入市场占比1.31%，排名行业第20位；公司实现投资业务收入5.91亿元，同比增长33.41%。
86,,20:17,【朗进科技：公司研发生产的储能温控产品已经批量提供给客户】朗进科技在互动平台表示，公司已经布局储能温控市场，公司研发生产的储能温控产品已经批量提供给客户，应用于储能领域。
85,,20:17,【龙佰集团：投资建设年产20万吨锂离子电池材料产业化项目】龙佰集团：全资子公司河南龙佰新材料科技有限公司拟投资建设年产 20 万吨锂离子电池材料产业化项目。总投资：20亿元。
84,,20:18,【浙数文化半年报：上半年净利润2.87亿元 同比下降20.74%】浙数文化公布2021年半年度报告，公司上半年实现营业收入约14.75亿元，同比下降20.79%；归属于上市公司股东的净利润约2.87亿元，同比下降20.74%；归属于上市公司股东的扣除非经常性损益的净利润约2.81亿元，同比下降4.62%；基本每股收益0.23元。
83,,20:20,【瑞士信贷：美元兑日元USD/JPY守稳110.10/00支撑位将最终将突破110.60/70】美元兑日元USD/JPY将守住110.10/00的支撑位，最终将持续突破110.70上方。瑞士信贷分析师报告称，下一个阻力位是111.66的长期阻力位。由于10年期美国国债收益率已经构筑了底部，并预计将进一步上升，我们仍然认为该货币对的疲软是暂时的，我们预计美元兑日元将继续与美国10年期国债收益率保持一致。关键支撑位从110.23开始，向下延伸至110.10/00。
82,,20:23,【金发拉比半年报：上半年净利润1667.59万元 同比增长59.14%】金发拉比公布2021年半年度报告，公司上半年实现营业收入约1.29亿元，同比增长11.54%；归属于上市公司股东的净利润约1667.59万元，同比增长59.14%；归属于上市公司股东的扣除非经常性损益的净利润约1472.83万元，同比增长115.12%；基本每股收益0.05元。
81,,20:23,【外媒：阿富汗政府提议与塔利班分权以结束暴力】法新社援引一名阿富汗政府谈判消息人士12日的话称， “是的，（阿富汗）政府已经向作为调解方的卡塔尔提交了一份提案。该提案允许塔利班分享权力，以换取结束在该国的暴力。”
80,,20:25,美国初请失业金人数公布前，现货黄金短线走低4美元，现报1747.61美元/盎司；现货白银短线走低0.1美元，现报23.31美元/盎司。
79,,20:29,【花旗：将蔚来汽车目标价降至70美元 维持买入评级】花旗银行分析师Jeff Chung将蔚来汽车目标价从72美元下调至70美元，并保持买入评级；他认为该股第二季度的财报业绩表现“中性”，第三季度指引则较为“保守”。财报公布后，Chung维持对蔚来21-23财年的销量预测，但降低了混合生产毛利率和混合动力汽车平均售价的预估。
78,,20:30,美国上周首次申领失业救济人数为37.5万人，预期为37.5万，前值为38.5万。
77,,20:30,美国7月生产者价格（PPI）环比增长1%，预期为0.6%，前值为1%。
76,,20:33,美国十年期国债收益率短线小幅走高，升至1.37%。
75,,20:35,塔塔钢铁表示，欧盟钢铁需求的复苏预计将保持强劲，21年全年增长11.7%。
74,,20:37,【许继电气：储能相关产品占公司总营收规模较小】许继电气在分析师会议上表示，公司在储能方面主要产品有储能变流器PCS、能量管理系统EMS、电池管理系统BMS等，主要由电力电子分公司和全资子公司软件公司研发生产。目前，控股股东许继集团控股子公司电科储能公司主要开展储能业务，公司为其提供上述相关产品。但相关产品的营收占公司总营收规模较小，是公司后续着力发展的业务之一。
73,,20:38,机构评美国就业数据：美国初请失业金人数连续第三周下降，这是就业市场复苏的又一亮点。由于经济活动好转，商业环境有所改善，今年初请失业金人数大幅下降。尽管预计未来几个月初请失业金人数将继续下降，但德尔塔变种新冠病毒的持续蔓延对复苏步伐构成了风险。
72,,20:38,贝壳美股盘前跌超13%，公司二季度实现净利润11.15亿元，较去年同期的28.38亿元同比大幅下滑60%。
71,,20:41,财经网站Forexlive评美国当周初请失业金人数：美国初请失业金人数已连续数周低于40万人，随着紧急失业救济将于9月到期，申请失业救济的人数应该会下降，因现在的工作岗位数量超过了需求。
69,,20:43,百度(BIDU.O)CEO李彦宏：2025年，自动驾驶出租车服务的成本将比人工驾驶更低。
70,,20:43,【荣耀推出全新自研HONOR Image Engine图像引擎】荣耀推出全新自研HONOR Image Engine图像引擎，可异构不同芯片平台，插件化整合芯片能力，通过重构所有影像流程，软硬结合打造拥有品牌特色的影像风格。
68,,20:44,【市场监管总局：发布彩色电视机产品质量国家监督抽查实施细则（2021年版）】市场监管总局组织修订了《彩色电视机产品质量国家监督抽查实施细则（2021年版）》，现予以发布。各地在开展监督抽查工作时可参照执行。旧版产品质量国家监督抽查实施细则同时废止。
67,,20:45,【俞敏洪回应新东方转型培训父母：从来没有，也决不打算给家长进行所谓的学科培训】俞敏洪在朋友圈回应“新东方转型培训父母”传闻称，新东方从来没有，也决不打算给家长进行所谓的学科培训。新东方做家庭教育已经十几年，惠及了上千万家长，做过几千场家庭教育讲座，基本都是公益讲课。（36氪）
66,,20:45,【中利集团：收到国网浙江综合能源服务有限公司发来的《中标通知书》】中利集团公告，收到国网浙江综合能源服务有限公司发来的《中标通知书》，确认腾晖光伏为“2021 年第二批光伏组件集中招标采购项目”的中标人，上述项目总容量为18.6兆瓦。预计本次合同成交金额约占公司2020年经审计的营业收入的0.37%。
65,,20:47,美国地质勘探局：伊朗巴姆西南121公里处发生5.0级地震。
64,,20:48,荣耀Magic3为骁龙平台首款支持数字人民币硬钱包的智能手机。
63,,20:51,【信濠光电中签号出炉 共4万个】信濠光电披露中签结果，中签号码共有40000个，每个中签号码只能认购500股。
61,,20:56,【富士康将在美国、泰国建立电动汽车制造厂】从2022年开始，富士康(Foxconn)将寻求在美国、泰国，也可能在欧洲建立工厂，富士康预计将为电动汽车初创企业提供零部件并加速生产。(AppleInsider)
62,,20:56,【国开行参与发起设立广东中医药大健康基金】日前，国家开发银行全资子公司国开金融，以及广东恒健和广州开发区完成对广东中医药大健康基金的首笔认缴出资，同时该基金在基金业协会完成产品备案。这标志着，广东中医药大健康基金正式进入实质性投资阶段。该基金是国内首支由国资发起设立的中医药基金，总规模300亿元，首期规模50亿元，其中投向广东省不低于60%，将重点支持中药制造、中医服务、中药材加工、中药材种植等领域，并适当向医疗大健康领域拓展。
60,,20:58,【南京市秦淮区中风险地区清零，实现全域低风险】经南京市新型冠状病毒肺炎疫情联防联控工作指挥部同意，自2021年8月12日起，秦淮区中华门街道晨光新苑16栋由中风险地区调整为低风险地区。调整后，以上地区继续实施7天过渡期管理。至此，秦淮区中风险地区全部清零，实现全域低风险。（秦淮发布）
58,,21:00,【义翘神州：将于8月16日在创业板上市】义翘神州公告，公司股票将于2021年8月16日在深圳证券交易所创业板上市。
57,,21:00,夜盘期货开盘，玻璃跌逾3%，郑煤跌逾2%，螺纹、焦煤、铁矿、热卷、纯碱跌逾1%；沪镍涨逾1%。
56,,21:00,成都市中风险地区全部清零！目前成都市均为低风险地区，城市运行和生产生活全面恢复正常。（央视新闻）
59,,21:00,据日本共同社消息，东京都政府8月12日宣布，都内一名60余岁男性感染新冠肺炎后死亡，他曾在今年（2021年）6月接种完两剂新冠疫苗。这是东京首例接种过两剂疫苗后死亡病例。
55,,21:04,GoDaddy(GDDY.N)：与高盛(GS.N)签署加速股份回购协议。
54,,21:05,【北新路桥：中标地下设施综合管廊总承包1.08亿元】北新路桥8月12日晚间公告，公司近日收到伊吾县工业园区管委会发来的《中标通知书》，公司被确定为哈密市伊吾工业园区白石湖产业园基础设施建设项目--地下设施综合管廊总承包（二标段）中标人。中标金额1.08亿元，工期90天。该项目的中标有利于公司进一步提升相关业务市场竞争力和市场份额，若该项目顺利实施将对公司未来业绩产生积极影响。
53,,21:10,【万洪建回应弟弟任万洲国际执行董事：离父亲权位太近 极其危险】今日，港股万洲国际披露公告称，万隆已辞任行政总裁。值得注意的是，此次人事变动中，万隆之子万宏伟已获委任为执行董事兼董事会副主席。对于这一变动，8月12日，万洪建表示：“我首先要恭喜弟弟，也会给他发一个祝福信息，同时提醒他以后在这个位置上的三个注意事项：不说话！不说话！不说话！”万洪建说，“宏伟不但善良，而且与世不争，所以提醒他：双汇的第二号人物，离父亲的权位太近，极其危险，所以要步步小心，言语谨慎，最好不说话！这是我的切身之痛！” (贝壳财经)
52,,21:11,BioNTech：2021年已经签约22亿剂新冠疫苗订单。
51,,21:14,【有火电厂每度电成本翻倍 分析人士：煤价短期内或迎来调整】动力煤价格处在高位，直接抬升了下游火电厂的发电成本，目前国内不少火电厂已经面临亏损状态。在榆林市横山区的一家火电厂，公司总经理介绍，今年1至7月份的燃料成本，每度电是0.21元，去年同期相比是0.11元，涨幅达100%，1至7月份累计亏损2.15亿元，去年同期则实现利润2亿元。分析人士判断，九月份煤炭价格或将有小幅调整，但从中长期来看，煤炭价格仍存在供需缺口，预计港口5500大卡动力煤均价将维持在每吨800元以上。 (央视财经)
50,,21:16,【日本新冠对策小组会建议使东京外出人流减半】由于疫情蔓延非常严重，日本政府的新冠感染症对策小组会12日发表建议称，必须在到26日为止的2周内集中加强防疫措施，使东京都全天外出人流比发布紧急事态宣言前的7月上半月减少5成。除了要求此前未参与新冠应对工作的医疗机构合作之外，还要求各都道府县敦促当地医师会积极参与。（日本共同社）
49,,21:19,阿富汗坎大哈消息人士表示，该市中心广场的战斗仍在继续，塔利班已经占领市内的医院。（卫星新闻）
48,,21:21,摩根大通：将FISKER(FSR.N)目标价从21.5美元升至23美元。
47,,21:24,阿富汗外交部长表示喀布尔准备从俄罗斯购买武装直升机，正在等待莫斯科的回复。（卫星新闻）
46,,21:26,【鱼跃医疗：相信未来公司整体毛利率稳定向好】鱼跃医疗接受调研时表示，近年来公司的毛利率在不断上升，在制造端，公司会持续不断地推进精益化生产，提升产品竞争力，转化智能制造的成本优势。同时，优秀的品牌力也给了公司更多的定价空间。像CGM产品这样高毛利、高品质的新品也是公司的研发方向，相信未来公司整体毛利率也是稳定向好的。
45,,21:27,【申万宏源：全球炼油产能或将收缩】申万宏源研究石油化工团队发布消息称，新能源汽车的普及对于传统燃料型炼厂构成冲击，长期成品油需求走弱。在2020年疫情催化下，海外炼厂率先去产能，全球炼油产能或将收缩。申万宏源表示，而以化工品为主的民营大炼化受成品油需求下滑的冲击较小，且民营大炼化通过最大化重整装置，在满足自身PTA原料配套的同时，副产大量氢气，以此满足炼厂多产化工品的需求，形成炼油工艺中的完美闭环，成本竞争力突出。
44,,21:30,美股三大股指小幅低开，纳指跌0.09%，道指跌0.06%，标普500指数跌0.07%。热门中概股多数下跌，贝壳跌超14%，公司二季度净利润同比大幅下滑60%。百度跌超2%，公司二季度营收314亿元，净利润54亿元。
43,,21:31,贝壳(BEKE.N)跌近15%，年内累计下跌超72%，预计第三季度营收将同比下滑约24.6%至29.4%。
42,,21:31,蔚来汽车(NIO.N)涨0.4%，第二季度营收同比翻倍、每股亏损大幅收窄。
40,,21:33,【青岛海上溢油事故登记债权 索赔金额远超赔偿基金】距离4月底青岛海域发生的轮船相撞溢油事件已过去3个多月，其造成的环境污染和损失赔偿问题却仍困扰着当地。一位接近青岛海事法院人士称，目前青岛溢油案还在债权登记阶段，之后损失方还要提起确权诉讼，然后法院再根据损失方提供的证据对案件进行审理和判决。该案目前设立了共约5亿元左右的赔偿责任限制基金，但各方损失“特别巨大”。有灵山岛养殖户称，据他们所知，索赔额已达到50亿元左右。 (财新)
41,,21:33,Blink Charging(BLNK.O)跌近10%，第二季度净亏损差于市场预期。
39,,21:34,据荣耀Magic3系列发布会，荣耀Magic3系列手机起售价为4599元。
38,,21:34,宏桥高科(PBTS.O)涨超44%，此前宣布计划在全球范围内投资并参与包括比特币、以太坊在内的加密货币挖矿业务。
37,,21:35,Desktop Metal(DM.O)涨5.54%，ExOne(XONE.O)涨超41%，Desktop Metal将以5.75亿美元现金加股票的方式收购ExOne。
36,,21:36,【水利部：8月中下旬我国多个流域可能发生超警洪水】国家防总副总指挥、水利部部长李国英今日指出，黑龙江、嫩江、松花江洪水当前仍在演进中，部分河段超警或超保，将会持续至9月。与此同时，近期我国西南、长江中下游等地局部暴雨洪水频发。预计8月中下旬，黄河中游、海河部分水系、长江上中游地区等可能发生超警洪水，台风降雨可能引发区域性暴雨洪水，防汛形势依然严峻，要高度关注雨情、水情、汛情、工情，提前落实暴雨洪水防范应对措施。
35,,21:37,澳元兑美元AUD/USD日内跌幅达0.5%，现报0.7001。
34,,21:39,美光科技(MU.O)跌近6%，此前摩根士丹利将美光科技目标价降至75美元，评级降至持股观望。
33,,21:39,白银跌超2%，跌破23美元关口。
32,,21:41,白宫国家经济委员会主任布赖恩·迪斯：美国政府正与生产商就供应瓶颈问题进行讨论。
31,,21:43,热门中概股整体走低，理想汽车跌超4%，小鹏汽车、拼多多、360数科跌近4%，阿里巴巴跌2.6%，网易跌2.5%，哔哩哔哩跌1.79%。
30,,21:46,美股区块链概念股走弱，第九城市跌近9%，SOS跌近8%，嘉楠科技跌超6%，Coinbase跌超5%。
29,,21:47,【江苏南通崇川区全员核酸检测1091043份 全部阴性】江苏南通市崇川区新冠肺炎疫情防控指挥部12日发布通告：根据南通市新冠肺炎疫情防控指挥部统一部署，南通市崇川区于2021年8月9日至8月10日，在全区范围内开展了全员核酸检测，共采集核酸样本1091043份，检测结果均为阴性。（央视新闻）
28,,21:50,【华尔街英语将宣布破产，有员工称已3个月未发工资】从多位华尔街英语员工处获悉，华尔街英语将宣布破产。今日早些时候，有报道称华尔街英语北区销售负责人通知各中心分校校长，公司将于下周正式宣布破产，并要求各校长通知到各个分校员工，尽快办理离职手续。8月12日晚，一名华尔街英语员工证实上述消息。该员工称，公司破产是多方面原因造成的。该员工透露，此前公司已经拖欠员工三个月工资，8月12日得知公司即将破产的消息之后，有大量员工提出离职。（贝壳财经）
27,,21:53,【荣耀X20搭载66W超级快充，120Hz 超窄边全视屏】刚刚发布的荣耀X20，具有94.4%超高屏占比，1.05mm超窄边框；120Hz智能高刷+莱茵硬件级低蓝光认证+DCI-P3电影级色域+原彩显示以及66W超级快充，6400万主摄。
26,,22:01,【TCL科技：目前下游的渠道库存还是偏紧张的状态】TCL科技在投资者关系活动记录表中称，从下游的整机库存来看，应该是受到了前期供应的影响，以及物料供应以及面板供应的影响以及物流的影响，目前我们看到下游的渠道库存还是偏紧张的状态。IT方面的库存目前应该讲整体上还是呈现相对供应比较紧张的局面，但是后续随着TV面板的供应的缓解，可能会有部分面板厂会把这部分产能转移到IT的产品上，可能对于IT产品的库存情况有一定的改善。
25,,22:02,美国卫生部（HHS）将要求其医护人员接种新冠肺炎疫苗，HHS人员规模超过2.5万。
24,,22:03,市场消息：亚马逊(AMZN.O)计划在对美国企业的供应和服务方面支出超过1200亿美元。
23,,22:04,【苹果分析师强调iPhone在中国市场的需求强劲反弹】多位分析师称，中国7月智能手机出口和国内出货数据显示苹果iPhone在该国的需求强劲反弹。富国银行分析师Aaron Rakers称，与iPhone最相关的数据点--非中国品牌手机出货量“异常强劲”，同比增长77%。瑞银分析师称，中国7月iPhone需求出现自1月和2月以来最强劲的同比增幅，“更适度的升级周期预示着受iPhone 13系列推动的2022年需求前景向好”。
22,,22:08,【多城集中供地“急刹车” 土拍规则或迎大调整】继深圳宣布中止第二批集中供地之后，多个城市加入了土拍延期行列。日前，天津发布《天津市国有建设用地使用权挂牌出让补充公告》，将第二批集中供地挂牌截止时间由8月20日调整为9月10日。临期“急刹车”背后，或将迎来土拍规则调整，各城市房地产调控的“手术刀”指向土地市场，“稳地价”真正走向“控实际地价”，继而有利于房价水平的稳定。（21世纪经济报道）
21,,22:10,【创梦天地寻求在与腾讯的框架协议中增加定制开发费条款】据联交所公告，创梦天地董事会建议修订与腾讯达成的截至2023年12月31日止三个年度的游戏合作框架协议，加入腾讯集团向创梦天地支付的定制开发费的额外类别上限。根据修订的协议，在2021年，2022年和2023年，假如腾讯集团委聘创梦天地开发腾讯若干特定领域的游戏，则应付予创梦天地每年不超过2167万元的定制开发费。
20,,22:12,英国方面表示，十分之七在18-29岁年龄段的人群已接种了第一剂新冠疫苗。
19,,22:13,【波罗的海干散货运价指数升至逾10年高位】波罗的海干散货运价指数涨93点或约3%，报3503点，为2010年中期以来最高水平。海岬型船运价指数涨224点或5.1%，报4608点，为5月12日以来最高水平，日均获利增加1863美元至38217美元。巴拿马型船运价指数涨34点或1%，报3550点，为6月22日以来最高水平，日均获利增加309美元至31949美元。超灵便型船运价指数涨30点，报3079点，续刷纪录新高。
18,,22:17,【牛津经济学院：未来几个月全球经济增长可能“不稳定”】首席经济学家亚当·斯莱特表示，世界GDP在第二季度超过了新冠疫情前的水平。 最近几周，德尔塔变种病毒感染的新冠病例上升，增加了人们对复苏力度和广度的担忧。有关全球贸易和投资的领先指标仍显示出强劲增长，发达经济体的消费者信心指标也表现良好。 然而，在亚洲部分地区和发展中国家，新冠病例增加的影响是显而易见的，服务业活动仍然低迷。 由于全球新冠疫苗接种进程差异很大，因此未来几个月世界经济增长的反弹可能非常不稳定。
17,,22:20,美国30年期抵押贷款利率上升至2.87%，创7月15日以来新高。
16,,22:22,消息人士：加拿大总理特鲁多计划于8月15日开始联邦竞选活动，投票将于9月20日举行。
15,,22:22,俄罗斯主权财富基金（RDIF）：RICHMOND实验室向阿根廷卫生部交付了第一批生产的卫星V新冠疫苗，交付量超过100万剂。
14,,22:23,【“上海电费将调价，8月1日起执行”？ 官方未发布消息】近日，网传上海电费将调价，且8月1日起执行。传言中还罗列出每度电新的收费标准：“早8点至12点1.08元；12点至17点0.64元；17点至21点1.08元；21点至0点0.64元；0点至8点0.31元。”国家电网客服人员介绍，电价调整一般都会提前一个月公布，目前并没有收到电价调整的通知，网传消息不实。 (上观新闻)
13,,22:24,【财经网站Fxstreet分析师团队：现货白银在23美元/盎司附近找到一些支撑，仍然脆弱】银价周四再度受到抛售压力，最终打破了两天来的盘整区间。在北美市场早盘，银价加速下跌，跌至三天低点，不过在23.00美元附近找到了一些支撑。尽管如此，小时/日图上的相对强弱略微超卖帮助限制了进一步的下跌，并帮助银价从日内波动低点反弹。然而，这次的下跌可能已经为延续过去一周左右的跌势奠定基础，银价似乎很容易会跌破23美元/盎司的关口，并加速下滑，重新测试周一触及的22.75美元附近的年内低点。
12,,22:24,雾芯科技(RLX.N)涨超5%，雾芯科技推进金护盾行动，协助监管部门查获假冒电子烟43万余件。
11,,22:27,【荣耀CEO赵明：华为出售荣耀后不再占有任何股份 荣耀与全球产业链合作】荣耀CEO赵明在接受媒体采访时称，荣耀还是做好自己的事，现在越来越多的伙伴为荣耀站台。未来荣耀持续秉持开放的态度，与全球产业链合作。华为出售荣耀之后不再占有任何股份。（中证网）
10,,22:30,美国8月6日当周EIA天然气库存变动: 490亿立方英尺， 预期: 480亿立方英尺， 前值: 130亿立方英尺。
9,,22:32,【亚马逊计划在美国企业的供应和服务上花费超过1200亿美元】2021年，亚马逊(AMZN.O)将从美国20多万家企业购买物流设备、企业办公用品、建筑、设计、工程服务等，花费超过1200亿美元。2021年亚马逊的支出同比增长了20%，而且不包括亚马逊在其门店购买和销售的任何产品。Keystone Economics的一项独立分析估计，亚马逊预计2021年在供应商方面的支出将帮助当地经济，并在多个行业为美国增加84万个就业岗位。
8,,22:33,美国天然气期货跌幅扩大至1.5%，此前EIA报告天然气库存符合预期。
7,,22:35,【特斯拉加强与ReSource合作 钴溯源方案年内可覆盖供应链】ReSource宣布加强与特斯拉的合作关系，共同推动对钴金属的溯源及负责任采购，预计覆盖特斯拉整个供应链的最终试点方案将在今年第四季度铺开。ReSource是在2019年由全球第二大的钴生产商洛阳铝业(03993.HK)与欧亚资源集团、嘉能可一同发起的，旨在通过区块链技术推动对钴的溯源及负责任采购，确保所有的钴从开采、加工到应用于终端产品的全过程均采用了可持续的生产方式。
6,,22:36,市场消息：通用汽车(GM.N)将恢复所有北美全尺寸卡车工厂的生产。
5,,22:38,爱奇艺(IQ.O)跌幅扩大至10%，股价创新低，报9.17美元。
4,,22:42,【机构分析：由于白宫发出的信号错综复杂，油价持平】WTI原油价格周三起伏不定，目前持平于每桶69.25美元。投资者试图判断，白宫昨日呼吁欧佩克+产油国（而非美国产油商）增产是利好还是利空。 Price Futures的分析师菲尔•弗林表示：“这向市场发出了复杂的信号，而这种前后摇摆的能源政策让美国政府的批评者和支持者都摸不着头脑。” 《华尔街日报》援引消息人士的话称，欧佩克本身也感到困惑。 一位沙特石油官员提出疑问：“拜登政府不在意气候变化和石油对环境的影响吗？为什么现在他们要求增产？”
3,,22:43,通用汽车(GM.N)：巴西南圣卡埃塔诺工厂将从8月26日起恢复雪佛兰Tracker、雪佛兰Joy、雪佛兰Spin的单班生产。
2,,23:01,据美国大使馆官网：美国大使馆敦促美国公民立即离开阿富汗。
1,,23:02,英国报告新增33074例新冠肺炎确诊病例，新增94例死亡病例。
0,,23:03,英国方面表示，已有47170968人接种首剂新冠疫苗，已有40013470人接种第二剂新冠疫苗。
